-0.46427007048336005,0.38381003602398006
-0.6276525081423201,0.05962154420023001
-0.7247454482088801,-0.13691680183888003
-0.7819750294142401,-0.25593415323136004
-0.8154970560874402,-0.32709493149464003
-0.8344661551292801,-0.36934808226880006
-0.8442437698323201,-0.39440193710408006
-0.8482988889043201,-0.40929128931920006
-0.8498890506003202,-0.41762775373576005
-0.8498413740460001,-0.4212607061876801
-0.8473539114741602,-0.4228504715497601
-0.8448711124555202,-0.42262189244720005
-0.8419071521881601,-0.42185605143512006
-0.8386284756960002,-0.42056344764976006
-0.8353153243188002,-0.4184014236940001
-0.8315787628665602,-0.4167764211840801
-0.8281061757312002,-0.41416370374544004
-0.8243413897353601,-0.41168994019744004
-0.8208507609747201,-0.40940424947728005
-0.8172901251528001,-0.4073063909105601
-0.8128148565881601,-0.40440140098520005
-0.8093468771561602,-0.40195249491136004
-0.8058910716032801,-0.39967276408016006
-0.8025220342945601,-0.39751388980448005
-0.7989131387776002,-0.39490078558760006
-0.7949269295699202,-0.39223765748840006
-0.7917397824808001,-0.38976830096984005
-0.7884354133338402,-0.3874008187923201
-0.7848400557428001,-0.3852889265526401
-0.7806961100107201,-0.38303623673872006
-0.7766987278881601,-0.3810529353377601
-0.7731470054019202,-0.37892445305528005
-0.7695842570574402,-0.37694043472320005
-0.7658633945021601,-0.37477526005576006
-0.7624962084971201,-0.3727460543911201
-0.7585438752541601,-0.3703645180996801
-0.7548646620908801,-0.3682672385680801
-0.7512610846297602,-0.36582442078888006
-0.7480692630342402,-0.3634630837000001
-0.7451147365369601,-0.36114586788656006
-0.7418172497191201,-0.35903157204784003
-0.7382382687302401,-0.35681723056728004
-0.7342452349636801,-0.35436784726144005
-0.7308457103956001,-0.35278870232336007
-0.7273145905430402,-0.35063079970840005
-0.7238121513306401,-0.3484455256596001
-0.7207738721867201,-0.3460626819899201
-0.7170220629959201,-0.34461219483808003
-0.7132564329594401,-0.34255908758936005
-0.7097938241980801,-0.34055104263048
-0.7063948020712801,-0.3385461554819201
-0.7031227717733601,-0.3368674702542401
-0.7000497454872001,-0.33497148641728003
-0.6968911307561602,-0.33283052348616005
-0.6935422550238401,-0.33133225409256006
-0.6904849820518401,-0.32930343186688005
-0.6872570071136801,-0.3278140327691201
-0.6839674712961601,-0.32601407519464004
-0.6799114104557601,-0.32438818896136007
-0.6768553872636801,-0.32264136318704006
-0.6740173436819201,-0.32035875127408003
-0.6706330764007201,-0.31874209823360006
-0.6670483449255201,-0.3171831966635201
-0.6636673483423201,-0.31583339023304
-0.6605082077128,-0.3137325737532001
-0.6574572894460801,-0.31219717441624006
-0.6546858986035201,-0.31035243728064005
-0.6515205112680801,-0.30878900370208007
-0.6486379841509601,-0.30754017965416003
-0.6453084554552001,-0.30560693751248
-0.64234864575432,-0.30405346079536005
-0.6395028548664001,-0.30189625554256005
-0.6358250605950401,-0.30024845645328
-0.6325914190836001,-0.29855321947168006
-0.6292056790410401,-0.29638900597896006
-0.6267943493304001,-0.29478945133512
-0.6238496324031201,-0.29302100675256004
-0.6211069764568801,-0.29061414195224006
-0.6179416304056001,-0.28851693877784007
-0.61488333891928,-0.28689643281752003
-0.6114532101360801,-0.28557483864424005
-0.6089162480590401,-0.28388754879656003
-0.60662153927072,-0.28203160037336006
-0.6035737843181601,-0.28021795551632006
-0.6003299177918401,-0.27882796413864
-0.5967518032670401,-0.27752368882032
-0.594459613256,-0.27622181124016004
-0.5922891067786401,-0.27403609055824
-0.5893265275892801,-0.2722913838552
-0.5857098367613601,-0.27071363816464006
-0.5828295420750401,-0.26922619768592004
-0.5799864995065601,-0.26787593559712003
-0.5770411271013601,-0.26640690885232005
-0.5738063313748001,-0.26469521932256
-0.5711245867971201,-0.26322927011472
-0.5687118433304,-0.26157207050272
-0.5654542313602401,-0.26014384432192006
-0.5629300884290401,-0.25872487456552
-0.5603452403628001,-0.25752604064968004
-0.5578548404784801,-0.25619028995824006
-0.5548843498067201,-0.25471568111744003
-0.5526241799260001,-0.25343131842088
-0.5498915002337601,-0.25207083899784005
-0.5472997217230401,-0.25046529453664
-0.5447126405075201,-0.24911225507944004
-0.54207605504384,-0.24747718009184003
-0.5393790985376801,-0.24582501851952004
-0.5369167260551201,-0.24425555601856003
-0.5335196041854401,-0.24324145614232004
-0.5297380976421601,-0.24194818161136003
-0.52776195525608,-0.24049245594488003
-0.5248950257686401,-0.23858589329824004
-0.5232980100059201,-0.23695706792080004
-0.52033710545288,-0.23521198920720005
-0.5169140787895201,-0.23432182341664004
-0.51444632260344,-0.23330365444240003
-0.5117771607406401,-0.23166272697648005
-0.5095000217174401,-0.23020279599296004
-0.5065582078935201,-0.22931495168032004
-0.5045646795409601,-0.22781457986744003
-0.5014430929283201,-0.22650155811528003
-0.49974224627008007,-0.22489718921808002
-0.49697850613520006,-0.22396380252168002
-0.4945426579768001,-0.22241107950872002
-0.49137230489992006,-0.22118327037392002
-0.4890486167951201,-0.22026025866016002
-0.4865335659652801,-0.21922921650552005
-0.4838816824192001,-0.21779425391872004
-0.4812407297037601,-0.21707328584464003
-0.4790482034352801,-0.21573399541856003
-0.47726937616976006,-0.21432574883536004
-0.47454905352456006,-0.21336413170944005
-0.47202079970152006,-0.21223035495464004
-0.47009772251568005,-0.21122582809648002
-0.46766227057976006,-0.20979307613120005
-0.46599919223904007,-0.20859912703384004
-0.4634397660395201,-0.20754544939568004
-0.46174331259808005,-0.20604858399560003
-0.4587619290241601,-0.20500246136904005
-0.4567178938897601,-0.20390693256352002
-0.45442837461448005,-0.20273868491992003
-0.4524747434290401,-0.20153402290176003
-0.45065029674600005,-0.20072104121640003
-0.4481134154865601,-0.19932722995864002
-0.4462061062540001,-0.19853659647112004
-0.4436114561573601,-0.19704991307136002
-0.44104454580344005,-0.19631729980864004
-0.43894295094552005,-0.19514403056512003
-0.4364321234289601,-0.19392725575360004
-0.4339505513518401,-0.19338709686448002
-0.43155934968672005,-0.19178338693416003
-0.42910296437840006,-0.19065630090640004
-0.42743995029760007,-0.18899777208976004
-0.4250225332218401,-0.18798273477232003
-0.42296294468416007,-0.18679750040256002
-0.4211494397188001,-0.18585633500920004
-0.41809613459528006,-0.18521525650976003
-0.4163335572001601,-0.18391139502128004
-0.41495630850736004,-0.18298090715240004
-0.41243083541504005,-0.18209352605168003
-0.41039274637496004,-0.18086880175896003
-0.4085152659633601,-0.17994225402120004
-0.40629478389440005,-0.17964474816536002
-0.40398078772368007,-0.17802208010368004
-0.4015477369029601,-0.17692121480896003
-0.39965386718872004,-0.17608950371904003
-0.3969600115432801,-0.17531066662208003
-0.39518602153880006,-0.17372829854376004
-0.3931647952900801,-0.17250181253800004
-0.3914732448651201,-0.17172122057680003
-0.38871953919440005,-0.17078575185472003
-0.38683149361280006,-0.16912051796960004
-0.3855276975370401,-0.16787134164832002
-0.38323344698368006,-0.16715231849984002
-0.38140973713608006,-0.16635810719864003
-0.3789759042844801,-0.16480111107480003
-0.3772734833776801,-0.16358091443880002
-0.37571461260856004,-0.16281251942376002
-0.37414563327752004,-0.16212704961024002
-0.37142988230896007,-0.16144949933200003
-0.36886444560000003,-0.16071886490208004
-0.36691158489264003,-0.15924374925728002
-0.36520243495408006,-0.15829230162712002
-0.36368941760240003,-0.15753850991208002
-0.3617594766441601,-0.15678928002328002
-0.35949242144216004,-0.15607552032072003
-0.35704999017752004,-0.15542840876304004
-0.35513559401672007,-0.15469088061304
-0.35403670101952006,-0.15363487129408002
-0.35241820039728006,-0.15263719990784003
-0.3508085000174401,-0.15148464620352003
-0.34864400521640004,-0.15022706662744004
-0.34639868060648005,-0.14924533639968002
-0.34422950637632005,-0.14842411563056002
-0.3425047847509601,-0.14785661168704003
-0.34057020222488005,-0.14740912342816
-0.33901531521160005,-0.14674375056000002
-0.3364819062347201,-0.1462014871668
-0.3348577981287201,-0.14552486828504002
-0.3326973277002401,-0.14472832038232003
-0.33108004400088004,-0.14362151361840003
-0.32957129799712004,-0.14245199902224
-0.32810356352104003,-0.14156508820400002
-0.32658765333896006,-0.14077541410936
-0.32482177861344,-0.13947303987552
-0.32297635465280006,-0.13840639621040002
-0.3205183138578401,-0.13793291002368002
-0.31880021907280004,-0.13724194659072003
-0.31718483290544003,-0.13673703347688002
-0.31542402928048,-0.13615511414424003
-0.31382810127744004,-0.13550737960064002
-0.31226962241624007,-0.13477128224672003
-0.31064049392312004,-0.13398348980016003
-0.30949801577928004,-0.13300268962664002
-0.30764386548568007,-0.13286001323128002
-0.30607893702576006,-0.13229439501824003
-0.3046602009773601,-0.13167529520544002
-0.30302480636720003,-0.13100787408304002
-0.30110368404728005,-0.12988502711856
-0.29962982135392,-0.12893832927
-0.29814839987368,-0.12829009419456003
-0.29667748511,-0.12749192955168
-0.29546055824608003,-0.1265737881236
-0.29335039498344007,-0.12625922698880002
-0.29183165008272005,-0.12581115219320002
-0.28973766784768007,-0.12536261595768003
-0.28858996869200004,-0.12428299695608001
-0.28774961176376007,-0.12377991669488002
-0.28705795582232,-0.12273783173416002
-0.28505732295816005,-0.12245359821808002
-0.28298611564720005,-0.12239984682240002
-0.2820109121936,-0.12175303498056002
-0.28017750965248006,-0.12098386348808002
-0.27845572197968005,-0.12016684479552002
-0.27751060136776007,-0.11900696523120002
-0.27517844512728007,-0.11914055430160002
-0.27335232883536004,-0.11808205245232002
-0.27214099871776004,-0.11709392991616002
-0.27004348252200006,-0.11633040263632002
-0.26936611480048006,-0.11537540315008002
-0.26804810265848006,-0.11539034692424002
-0.26678533104584007,-0.11514419893240002
-0.26480361670544006,-0.11462974230192002
-0.26324353933944006,-0.11403320518040001
-0.26185795195288003,-0.11399335195096001
-0.25971005237184003,-0.11358185783776002
-0.25846816510192006,-0.11275623939832002
-0.25730094894864003,-0.11237953485808001
-0.25639423478752005,-0.11215864199544001
-0.25485853647896006,-0.11168949208960002
-0.25330957266872006,-0.11083988367968002
-0.25182886211632005,-0.11041307916216002
-0.25059838058384004,-0.10955604196752002
-0.24920003680656003,-0.10923084263200002
-0.24825114557448003,-0.10857882464744002
-0.24694334683408004,-0.10808013682608002
-0.24537751484816003,-0.10755197923768002
-0.24386780994064003,-0.10660607231264002
-0.24240335361544005,-0.10634447499128001
-0.24114864086136004,-0.10611062157944001
-0.24015360113736003,-0.10529597503224002
-0.23846071610856004,-0.10520690634560001
-0.23707722311064003,-0.10464278406168001
-0.23578939627640003,-0.10373233515088001
-0.23485246740368004,-0.10358822727248002
-0.23348949580264003,-0.10286093833176002
-0.23239131034672003,-0.10199580209968001
-0.23106374095088003,-0.10145769260016002
-0.23010111585952003,-0.10104324428936001
-0.22887313078464003,-0.10030130378856002
-0.22722042930872002,-0.10002449662600002
-0.22578687272240003,-0.09903834537616002
-0.22520636930496005,-0.09893017395368002
-0.22344897393008004,-0.09861323209984002
-0.22214271579392003,-0.09759772007440001
-0.22076377895352003,-0.09734466438016001
-0.22013638183952003,-0.09693373966256001
-0.21887763937576005,-0.09604609914376001
-0.21776722002688004,-0.09555116329600001
-0.21590242419176003,-0.09505024988872002
-0.21499045865168004,-0.09498881889904001
-0.21422122188016005,-0.09438632183136002
-0.21204872757520005,-0.09410670062832001
-0.21114610401328004,-0.09364670070624001
-0.20992369483800002,-0.09272156828888002
-0.20826340625168002,-0.09219188262976001
-0.20674019110496003,-0.09159453595680002
-0.20588764593056003,-0.09132364945688001
-0.20432813502096003,-0.09051818028544001
-0.20273040949344004,-0.09031793204240002
-0.20226571245320002,-0.08978409868288001
-0.20130758374088004,-0.08955648547328002
-0.20018815030248002,-0.08876060686416001
-0.19973025596680002,-0.08787868551864002
-0.19824698292232004,-0.08754617426168002
-0.19685530413152003,-0.08699404327552002
-0.19638867992864004,-0.08688283522832001
-0.19543273776552003,-0.08617403629896002
-0.19435760138176003,-0.08595094573848001
-0.19358156027096002,-0.08553909417792001
-0.19203713631048003,-0.08553849951600001
-0.19083360276760003,-0.08479080491088001
-0.18997058642568004,-0.08485075457824001
-0.18885324599504003,-0.08420331604080002
-0.18775572483952002,-0.08432406686216001
-0.18741881451904002,-0.08356190505344001
-0.18594617401608002,-0.08343552250360001
-0.18535156698192004,-0.08310172861352001
-0.18418778050640003,-0.08322311337528002
-0.18330032806568003,-0.08234734713632001
-0.18246229277616002,-0.08206846339368001
-0.18103723366184002,-0.08145043423240002
-0.18026644520632004,-0.08145116793720002
-0.17892200063752003,-0.08148467587360002
-0.17749836022936002,-0.0808064187748
-0.17643660431456,-0.08072652450880001
-0.17603157965456004,-0.08021982856328001
-0.17582427960392003,-0.07987762069416002
-0.17475839363096002,-0.07927843402232002
-0.17318777913400002,-0.07905940434480001
-0.17291593544320003,-0.07841169708528001
-0.17126788772264004,-0.07826671926768002
-0.17077328912472003,-0.07862644996856001
-0.16962841312448002,-0.07797423027992001
-0.16858158665408002,-0.07751667608384001
-0.16787266432496004,-0.07689987585224001
-0.16623821174240003,-0.07679743441392001
-0.16613190712256,-0.07591463475088
-0.16475533192832004,-0.07594003628864002
-0.16376633973136004,-0.07614910823688001
-0.16281764470592003,-0.07569896882288
-0.16262669145232003,-0.07545262981952001
-0.16168086290872002,-0.07483399897200001
-0.16004622699312002,-0.07472216313728001
-0.15954443717832004,-0.0739885854072
-0.15804876526064002,-0.07376748315480001
-0.1573961073252,-0.07369909970112001
-0.15640661305184003,-0.07289389016784001
-0.15571636708744002,-0.07256496782512001
-0.15449271099400003,-0.07248611452224
-0.15360487005064002,-0.07203137288408001
-0.15283665028144003,-0.07182667249384
-0.15242875650048002,-0.07120610410288002
-0.15114784278232002,-0.07099841595168001
-0.15033930375200003,-0.07117357038368001
-0.14917788126144002,-0.07071298423968
-0.14896292053912003,-0.07026316920360001
-0.14809866224720003,-0.07016924186576001
-0.14738761710144002,-0.06981198457872001
-0.14645364809344003,-0.06924532327976
-0.1458974402824,-0.06843026092392002
-0.14490819001328004,-0.06798142408936
-0.14430145580304002,-0.06801006209496001
-0.14348371863576,-0.06725633722232001
-0.14265227669896002,-0.06736045023136002
-0.14141464498816003,-0.06722285075896
-0.14096344726,-0.06689290359312001
-0.13977882118304003,-0.06679086307608001
-0.13954642123968003,-0.06692597768616002
-0.13883437074920002,-0.06615984883560001
-0.13817922513768002,-0.06610139482704001
-0.13704793332592002,-0.06618904774816001
-0.13680467031216,-0.06575786529248001
-0.13553216113056002,-0.06547838492368001
-0.13448558786960002,-0.06566871213872001
-0.13323338726808,-0.06504744175760001
-0.13272053688424001,-0.06478328545288001
-0.13215966296368,-0.06503707005
-0.13103904077584003,-0.06468532146752001
-0.13031267285864,-0.06472182062224001
-0.12903968527592002,-0.06500818846072001
-0.12909912512056002,-0.06456236660824001
-0.12791336579184,-0.06402217540632
-0.12746379453632,-0.06428332937544001
-0.12605146917064003,-0.06428509548656001
-0.12588664125744,-0.06388610997632001
-0.12525812028080002,-0.06385393622576001
-0.12411960463904002,-0.06388491383696002
-0.12387026270008002,-0.06349393389128001
-0.12317471419832002,-0.06312719485456
-0.12204639992224002,-0.0631768400256
-0.12214909666536002,-0.06248910070496001
-0.12172599282288002,-0.06221729031600001
-0.12115033236336002,-0.06235731400560001
-0.11996109647816001,-0.06234006847192001
-0.11978471474664001,-0.06159162005896001
-0.11857172961352001,-0.06098364556288001
-0.11753309395032002,-0.06073672834848001
-0.11716442004672002,-0.06028545752184001
-0.11555235334784002,-0.05985882054216001
-0.11532239065656001,-0.05999566562768001
-0.11429029594480002,-0.05989584339320001
-0.11414092381808001,-0.05911661777376001
-0.11380537729264002,-0.05886266970560001
-0.11254228845208002,-0.05888175330208001
-0.11196729273040001,-0.05922953324048001
-0.11067340723848001,-0.05896964220000001
-0.11058671657200002,-0.058669404716240006
-0.11000614437024002,-0.05896734389152001
-0.10890611781144002,-0.05888905814216001
-0.10894994568632002,-0.058468844123520006
-0.10878260581440001,-0.05832465364016001
-0.10740217781704002,-0.05818199105360001
-0.10734136073544001,-0.05783554322584001
-0.10663958225376002,-0.05745471684672001
-0.10573605292048002,-0.05760017815920001
-0.10505378484016002,-0.05771316208816001
-0.10441734604632001,-0.05740768145392001
-0.10409182557912001,-0.05686859908432001
-0.10388667470344001,-0.05675112407160001
-0.10302383980928001,-0.05662568938144001
-0.10231139734640002,-0.056779017925280006
-0.10209981047904002,-0.05623965314104001
-0.10122503946864002,-0.055791815017600006
-0.10108109230480002,-0.055648322522000006
-0.10009016345680001,-0.05605858324624001
-0.09986203714408001,-0.05539577096088001
-0.09884606695488002,-0.05538087295664001
-0.09840321033264002,-0.05545907761368001
-0.09781683046672002,-0.055399934391680006
-0.09774977193960002,-0.05517876846736001
-0.09736962721520001,-0.05510488582832001
-0.09658240022456001,-0.05505062429456001
-0.09599205203760001,-0.05515740677856001
-0.09597445800928002,-0.05557794562128001
-0.09511809184672002,-0.05512864124320001
-0.09481159009848002,-0.05471307903152001
-0.09455390497952001,-0.05467328574512001
-0.09372040423720002,-0.054603670677520005
-0.09312240356928002,-0.05478672795184001
-0.09327360577056001,-0.05400397246296001
-0.09244720019960001,-0.05380822856944001
-0.09210367669984001,-0.05349747993304001
-0.09158334112416001,-0.05354247558544001
-0.09068733051792001,-0.05323996954712001
-0.09045838260960001,-0.05293074031808001
-0.09049183989056002,-0.053138210905120005
-0.08926702139584002,-0.05306008045056001
-0.08894674072832001,-0.053053542303360006
-0.08902643809280002,-0.05240541029376001
-0.08845934537560002,-0.051866696930720005
-0.08801098135216001,-0.05164730975440001
-0.08768315926632002,-0.05163996702616001
-0.08667388371880001,-0.051520722033120005
-0.08622486008416001,-0.05080091703120001
-0.08549487117992001,-0.05027104017264001
-0.08569693133976002,-0.05005982128984001
-0.08486323614496001,-0.04984228433112001
-0.08424107433584001,-0.04986454245104001
-0.08370906556320001,-0.05032973710544001
-0.08294200739376001,-0.04968394118904001
-0.08243616566264002,-0.04947369910136001
-0.08207628161904001,-0.049348290253920006
-0.08230755755344002,-0.049499341389760004
-0.08180367053392001,-0.049580706802640005
-0.08067563613440001,-0.049957624907360006
-0.08036481041800002,-0.049482370148400005
-0.07966285922856,-0.04901604824976001
-0.07877618125512001,-0.04859535934512001
-0.07902474195808001,-0.04830621067104001
-0.07899727825432001,-0.048268551528320006
-0.07833949868768002,-0.047211983963920005
-0.07837442879400001,-0.04665423712600001
-0.07753280569936001,-0.04662449944664001
-0.07698384121000001,-0.04633479145336001
-0.07651154674264002,-0.04667705258000001
-0.07645315251136,-0.04682207331712001
-0.07662253572136002,-0.04665098671592001
-0.07617612448808002,-0.045816480932720005
-0.07524042883840001,-0.04537367536312001
-0.07440931876992,-0.04561198021336001
-0.07409335990944,-0.04574619392392001
-0.07360744529800001,-0.045781041981120006
-0.07307410956264002,-0.04587317860416001
-0.07280367694792002,-0.04510448139024001
-0.07281569549728001,-0.04465803535168001
-0.07202079476360002,-0.044575324423840004
-0.07124893357088001,-0.04479521116184001
-0.07127450066856002,-0.04475801998376001
-0.07111727683408,-0.04490730505544001
-0.07061329540208001,-0.04464118066104001
-0.07030243171256001,-0.043827255953360005
-0.06978937457920001,-0.04362320560256001
-0.06979140586088001,-0.043684868580560005
-0.06957610512056,-0.04343788403696001
-0.06911652810432001,-0.04346550876064001
-0.06868785023408001,-0.043546287773680005
-0.06845663705344002,-0.04367922171728
-0.06699319047784001,-0.04389004745192001
-0.06673668497192001,-0.04315182878872001
-0.06643483757896002,-0.04295551457552001
-0.06661898975680002,-0.04300891023528001
-0.06563638069160001,-0.042959984693120006
-0.06507395193728001,-0.04276943558824001
-0.06487009472192001,-0.04255106217888001
-0.06424733152896,-0.042515508501600005
-0.06488176333272001,-0.041754759019520006
-0.06400798668704001,-0.04109686329296001
-0.06412362929656001,-0.0408278421168
-0.06416398957112,-0.04087319905296
-0.06371740549680001,-0.04112639225360001
-0.06291067755688001,-0.04120241376152001
-0.06215479609808001,-0.041680857261280006
-0.06181094519056001,-0.04201354363384001
-0.06194137545736001,-0.042196096259520005
-0.06204402897680001,-0.04173525932496001
-0.06117237654880001,-0.041336861325440004
-0.06071038738464001,-0.04120802500896001
-0.06037678936920001,-0.041144182984880005
-0.06019595944120001,-0.04164451527928001
-0.05955327237288001,-0.041812603692960006
-0.05938917405064001,-0.04210768425872
-0.05901928807856001,-0.04228736291000001
-0.05898896701040001,-0.04203492655768001
-0.05916516675040001,-0.04195876447392001
-0.05888248740920001,-0.04165504578896
-0.05857712755744001,-0.04166674773968001
-0.05829683825736001,-0.041629883615760005
-0.05784200432816001,-0.041845924910000006
-0.05749549140712001,-0.042192417566480005
-0.05705035374032001,-0.04197378081368001
-0.05662951234408001,-0.04195806264224001
-0.05613891776336001,-0.04116159109616001
-0.05642202512440001,-0.040927558802240006
-0.056454817681440006,-0.04111148089304001
-0.05556692959392001,-0.04092905098656001
-0.05524458530312001,-0.040879465819120005
-0.05473488571920001,-0.04080394361312001
-0.05510203853408001,-0.04118558762440001
-0.05494788245984001,-0.041483463777920004
-0.05376106491712001,-0.04151421947264001
-0.05377972214248001,-0.041406926018880005
-0.05352595746736001,-0.04076588169840001
-0.05347900425232001,-0.040264164624640005
-0.05329974067160001,-0.040359024532080005
-0.053376643761680005,-0.04019498804864001
-0.05274482640832001,-0.039918508606720006
-0.052700942625040006,-0.03991315724872001
-0.05237304727512001,-0.039990420549920004
-0.052473633606400005,-0.03964993990184001
-0.05251697938624001,-0.039198667475920004
-0.05210154199408001,-0.03893975310000001
-0.05157048874368001,-0.038270474838880006
-0.051512493312960005,-0.03771659294704001
-0.05135554578232001,-0.03711176746672001
-0.05105138563008001,-0.037010477771280005
-0.050163161768160006,-0.03640022667896001
-0.04994596534488001,-0.035978542813040006
-0.049342579880080006,-0.035987753178960004
-0.04874771199976001,-0.03597723129328
-0.04810399819008001,-0.03607644531312001
-0.04824848540136001,-0.03627799013776001
-0.047531886308560006,-0.03603029539232001
-0.04728970932712001,-0.035973809689600005
-0.047157802531280005,-0.034982279858240005
-0.04719686905840001,-0.03435212018336001
-0.04697870600624001,-0.033955778052160004
-0.04692249525632001,-0.033878587874800005
-0.04613840324856001,-0.033659875064800004
-0.045608533131760005,-0.03360487919872
-0.045338464781360006,-0.03378237218944
-0.04500883954512001,-0.033789670712960004
-0.044921187456960006,-0.03408169578912001
-0.045125684055840005,-0.03421980228608001
-0.04441997223616001,-0.034289803128480005
-0.044005908288960005,-0.034107344614960004
-0.04372014115744001,-0.03404657526192
-0.043792310788080005,-0.034106674714960004
-0.04399401881880001,-0.03371023776656001
-0.04421721336624001,-0.033364028680000005
-0.04339449360072001,-0.03295997191856
-0.04269688310256001,-0.03282004182520001
-0.042424369062400005,-0.03279326084208001
-0.042297776469760004,-0.03296865619744001
-0.04208284944704001,-0.03306792155984001
-0.041985750489120004,-0.033079569159520004
-0.041709949098880005,-0.03308209393480001
-0.041140119646080005,-0.03318918023312001
-0.040978501480000006,-0.03312865121664001
-0.04099262036000001,-0.03325053778776001
-0.040323174148000004,-0.033540078306720005
-0.04057588929400001,-0.0341753726644
-0.04029100055024001,-0.03443528140688001
-0.040501258086640006,-0.034765891181600006
-0.04011179344184001,-0.034176488702720005
-0.039634654617200005,-0.034235702584160005
-0.039335370321920006,-0.03425020813560001
-0.03913198631696001,-0.034085845686240006
-0.03852083749216001,-0.03406635541104001
-0.038749199676240006,-0.034043331584640006
-0.039245913846000006,-0.034109358102800004
-0.038808544386640005,-0.03388704397496001
-0.03870969909328001,-0.03395833263936
-0.03842906672864001,-0.0340074764196
-0.03815029383592001,-0.03396591131616
-0.03875600749624001,-0.033809322200320006
-0.038525343222720006,-0.033963150171760007
-0.038134984627200004,-0.03408936322264001
-0.03783537832376001,-0.03425311871944001
-0.03713568507072001,-0.033811365147600005
-0.03649169778104001,-0.033885418044000006
-0.036462372177920005,-0.03308274610800001
-0.036511770723200006,-0.03276471508440001
-0.03664887324976,-0.032604282845600005
-0.036746964994080006,-0.032380336276
-0.03666720146104001,-0.032464061248000005
-0.036415097351360004,-0.032176290028960004
-0.035724735301840005,-0.032040313729360004
-0.03549232266992001,-0.03190462046728001
-0.03503084443128,-0.031808239524080004
-0.03539613320552001,-0.031779655568800004
-0.03550359797224001,-0.03192247780848
-0.03568073414192,-0.031783923038640007
-0.03573909337192001,-0.03195704173712
-0.034546233872560006,-0.031940119437680006
-0.034426045281920004,-0.03203101501496001
-0.03443950020856001,-0.032163998402
-0.03412540402136,-0.03223135871064001
-0.034079605802560003,-0.03233274990248001
-0.034111282689440005,-0.03254927955488
-0.034369424387840006,-0.03255389849088001
-0.03485311325048,-0.03203924466408001
-0.033709249796000006,-0.03166796518368001
-0.0330055826196,-0.03158071190488
-0.032948969474800006,-0.03147813807736
-0.032840691129120005,-0.031275952016
-0.032935237446080005,-0.031039698872880005
-0.03249042462208,-0.031229460032000004
-0.03202196652776001,-0.03161454230576
-0.03198064583304001,-0.03186746239496001
-0.03275321985368,-0.031994373203280004
-0.03170249574832001,-0.03200563713632001
-0.030805722082000005,-0.03215592195432
-0.030831546385440004,-0.032227789733760004
-0.031043043261120003,-0.032236091779920005
-0.030953166721920004,-0.03216210273152
-0.030386726170880004,-0.03231233683568001
-0.030271431735200006,-0.03252463471520001
-0.030514223442720003,-0.03253908608176
-0.030741811492720005,-0.032583248558
-0.029397166542960006,-0.032740499327520003
-0.029424056918560003,-0.032697948779680006
-0.029430079385600005,-0.032967340428880006
-0.029145857573440005,-0.03310550874528
-0.029258744477840003,-0.032711514206080004
-0.029431348512720005,-0.0323894220952
-0.029320430380000005,-0.032232447542400004
-0.029666059074400005,-0.0323133843708
-0.029125208611200003,-0.032730216701360004
-0.029117361965040004,-0.032674888409680004
-0.028420622870240005,-0.032641755350320004
-0.028077733977920006,-0.032441157667440004
-0.027954415485280004,-0.032233782532
-0.027803092278560003,-0.03222794693416001
-0.027875852942720006,-0.03237350267952001
-0.027837141181760006,-0.03249014598488
-0.027440544955840005,-0.032374112780000006
-0.027460286418320004,-0.03207260746952
-0.027132203139280005,-0.032176058385920005
-0.027733997789680005,-0.032184593854880005
-0.026444301128320004,-0.032314023288
-0.025795706111520003,-0.032280690181680005
-0.025345884684480003,-0.032228988832640006
-0.025003916276640004,-0.032167542417120006
-0.025263119281680003,-0.03212604402288
-0.025231230182720003,-0.03196362566008001
-0.025263938882560004,-0.031696948392000004
-0.025248687573680005,-0.03177027407504
-0.025333078132080005,-0.031037534406080005
-0.025548528952400004,-0.030590723622480005
-0.024927663075760005,-0.030571144960560005
-0.024763380882800005,-0.030084705015760004
-0.024495518243440005,-0.029802109165920004
-0.024035620124960005,-0.029678922945600004
-0.023942138049280005,-0.029620775289120004
-0.024033087293840003,-0.029580617657280005
-0.023957054126560004,-0.029504505168800006
-0.023755046653680004,-0.029411858261200005
-0.023765663353920004,-0.029668034329120005
-0.024078620315360004,-0.029960334951680004
-0.024002980261120004,-0.030148224188240005
-0.023803625634880005,-0.030272654844640003
-0.023010705948640003,-0.030136785482960005
-0.022554674539680002,-0.030131276129120005
-0.022627759000160005,-0.030206596943040006
-0.022251526910400003,-0.030215246367040004
-0.022350988909600005,-0.030221355630800004
-0.022475873101920004,-0.030081192165040006
-0.022599115907840004,-0.030110732108080004
-0.022636253514720005,-0.030103377934880004
-0.022724921352640003,-0.030192884881680003
-0.022920026850720004,-0.030112909781840006
-0.023134389266560005,-0.030232324044880004
-0.023039070777760004,-0.030019740125120004
-0.023161420069760005,-0.030126255491200005
-0.021723669212960005,-0.030478756099840004
-0.021192824569280004,-0.030466327525280005
-0.020703111000720004,-0.030581930606640006
-0.020689949992560002,-0.030725482163760004
-0.020623801782960003,-0.030818591187840003
-0.020836008524960002,-0.030323287430880006
-0.02074417237816,-0.029915533705600003
-0.020420806136080005,-0.029795669706080004
-0.020267577321680004,-0.029764904042560006
-0.020715027788640004,-0.029601979529680005
-0.020190410357600004,-0.029626361801520004
-0.020543881464160002,-0.029599568344960005
-0.020137447407440005,-0.029808067076000005
-0.020342418940960002,-0.030063953837280003
-0.019749895411120003,-0.030095691843920004
-0.019187364667760002,-0.029926184894400003
-0.019042759517680002,-0.029965483919040005
-0.018798881760160004,-0.030090951598560005
-0.01867626818088,-0.030673461061600005
-0.018815330889920004,-0.031030930188640005
-0.018783613833760003,-0.03153622445576001
-0.018483644067920003,-0.031640827047520005
-0.018337006821840002,-0.0318211483972
-0.018385163646880004,-0.031927069245840003
-0.018874684833840003,-0.03185718583272001
-0.01934708682744,-0.03185983800968001
-0.019420367848560004,-0.03204369493496
-0.019536568641360004,-0.03224307351392001
-0.019782525066480004,-0.032168220668480005
-0.01887608629328,-0.032393587202480006
-0.018522013966400002,-0.032373924602320005
-0.018234126142320003,-0.03274865293160001
-0.018108834292320002,-0.03282958560088001
-0.017733307159040004,-0.033177810419120005
-0.017631638396720002,-0.0333498285708
-0.017503984647920003,-0.03364985949448
-0.017345720159200002,-0.03378153813424001
-0.01726138321616,-0.03331129998104
-0.017614296346080003,-0.03308178405064
-0.018059515444,-0.03277522707496001
-0.017611721170560004,-0.03293796617288001
-0.017907154794560003,-0.03290589654552001
-0.017799546907840004,-0.03283315322928001
-0.017896586964960003,-0.03293351348856
-0.017165995075760002,-0.032552330197920004
-0.016815653539440003,-0.03229606627000001
-0.016700109091760004,-0.032331621290960004
-0.01621735074888,-0.032271536492400006
-0.0162018851048,-0.03230795384488001
-0.016270115480160004,-0.03225295520112
-0.01630099746928,-0.032154713884800006
-0.016475642917920003,-0.032251714616880006
-0.016485783335360004,-0.03226877084592
-0.017002757037440003,-0.03210736277568001
-0.016906875875680002,-0.03185938692376
-0.016723340045040003,-0.031859774391920004
-0.016568412107600003,-0.031829323909280005
-0.01623855779328,-0.03170752036272
-0.016017494318480003,-0.031618672570080004
-0.015591234267600002,-0.03166486297584001
-0.015933182865040002,-0.031918960220880005
-0.015100557128960003,-0.03194994522272
-0.014954029686880003,-0.031940772136560006
-0.014750952461440002,-0.032030680688560006
-0.014550558410080003,-0.031931699523200005
-0.014220940862240003,-0.03179031990088001
-0.014541723523520003,-0.031641081150880004
-0.013419144957520002,-0.031825156125040006
-0.014263909081600003,-0.031131530495760004
-0.014310827458160003,-0.030752436283360003
-0.014725277628240002,-0.030342191282080006
-0.014768973880160002,-0.030325555631360003
-0.014609370922000002,-0.030348143467200005
-0.014872534244880003,-0.030267850706080006
-0.015421488889360003,-0.030423044722480006
-0.015475954720240003,-0.030467695236000004
-0.015015464588080002,-0.030764175670720005
-0.015077558536640003,-0.030561866820800004
-0.015391133130000002,-0.030476556765760006
-0.015845327728080002,-0.030425374750080003
-0.014832872216960002,-0.030368974612240005
-0.014166676465200001,-0.030295153567120005
-0.013607907168240002,-0.030318278474640005
-0.013192777806560002,-0.030221916748960003
-0.013273079402400002,-0.029763104911520004
-0.013394703620400001,-0.029638682966880006
-0.013221827082160001,-0.029754320263760004
-0.012960926661200002,-0.029590761277200006
-0.013046854127360003,-0.029417345280400006
-0.013088037728800002,-0.029372208783040005
-0.012881907352880003,-0.029401178051920003
-0.013546123719040001,-0.029176556272000005
-0.013338373292320002,-0.029302113457440004
-0.013115458446320002,-0.029267250880320006
-0.012834582657920002,-0.029322943898000005
-0.012767232003520002,-0.029410658336480006
-0.012678733919680002,-0.029366220505440004
-0.012777286800320002,-0.029109389393440006
-0.013021221326400002,-0.029063397441040004
-0.013440022281600001,-0.029172134928720006
-0.012885071000400003,-0.028931770192800004
-0.012827297289120002,-0.028691358258640005
-0.013156390428880001,-0.028584720376000003
-0.013187939362000002,-0.028563878573040005
-0.012864980102800003,-0.028557345176400004
-0.012618772021040002,-0.028674005779200006
-0.012689611840320003,-0.028936232467280006
-0.012205542171600001,-0.029309426052720005
-0.011809066146560002,-0.029352282439440006
-0.011514281498800003,-0.029691909920240005
-0.011750487590000002,-0.029407750110560005
-0.012179436341040002,-0.029158762820800006
-0.012005555804560001,-0.029161810692000006
-0.011556020033040001,-0.029317945544160003
-0.011735370433280002,-0.028593715953520005
-0.012052775524400003,-0.027950940367200004
-0.011803623018640002,-0.027513324660160005
-0.012133740991680003,-0.027303446382480005
-0.012040271890880002,-0.027120569740400006
-0.012083206210320002,-0.027062647818320004
-0.011806686038560003,-0.027256466381280004
-0.011647444825040001,-0.027355080004480004
-0.011529255996320003,-0.027561081352560003
-0.010700930827040002,-0.027338000179680005
-0.010456506052160001,-0.027174344173040006
-0.010445020580080002,-0.027102093547600004
-0.010601689719680002,-0.026837011617760004
-0.010602378678400002,-0.026858616950000004
-0.010436992911280002,-0.027011107413600004
-0.009930808274080001,-0.026907333098800005
-0.009979444157760002,-0.026896321076400005
-0.010263856963280001,-0.026938386684720005
-0.009974502110400001,-0.026874078051280004
-0.009980617492720001,-0.026741070645040003
-0.010227901545600002,-0.026720317364080003
-0.010196040657200001,-0.026500282653200005
-0.01025660721968,-0.026398430133200004
-0.010065926497840001,-0.026555922158240004
-0.009923440220880002,-0.026491067395040004
-0.009585948777840001,-0.026569739652480003
-0.010308234792640002,-0.026531410995120006
-0.010143872081600001,-0.026592714832880004
-0.010144053943920001,-0.026503220541600005
-0.009979362849120002,-0.026672253201120003
-0.009869678694640002,-0.026785678342160005
-0.009744366089200002,-0.026842434217680004
-0.009787182876400001,-0.026833975570240004
-0.0097972671324,-0.026774978916560003
-0.009718973522080001,-0.026759689087440003
-0.009753854910560002,-0.026916966256880004
-0.009292533673840002,-0.026792133745040005
-0.008655460674880001,-0.026640673318800004
-0.008474247432640001,-0.026750510309520005
-0.008435000434480002,-0.026656946502400004
-0.008617723273200002,-0.026654420092960006
-0.008571075758800001,-0.026448085162080005
-0.008583011426,-0.026535006463280005
-0.008707789053440001,-0.026704891805440004
-0.00866747885128,-0.026987604661120004
-0.008809874416320002,-0.027086305220480004
-0.00884700750416,-0.027285592014720004
-0.009242900383280002,-0.027515761831120006
-0.00944174178928,-0.027704095419760006
-0.009219711275120002,-0.027782497556880004
-0.009489624610880001,-0.027761150575120006
-0.009114786301120002,-0.027511404945440004
-0.009130826024800002,-0.027488937726800004
-0.008872896335840002,-0.027472962432480003
-0.00858268486992,-0.027203574775520004
-0.00857728114528,-0.027057376391680005
-0.008578378506560002,-0.027172474234160006
-0.00840761212832,-0.027343834035200004
-0.008751228450880002,-0.027431031441440004
-0.008581508796960001,-0.027532589508000003
-0.008513652203040002,-0.027688080358400004
-0.008315500005120002,-0.027852736908560004
-0.008022042574960002,-0.027847281602640005
-0.007948826131680001,-0.027617459182880003
-0.0081614946256,-0.027503872082160003
-0.007888431481760001,-0.027633460177360004
-0.007712787065120001,-0.027735559775520006
-0.008050285053440001,-0.027875330706720006
-0.006946139578640001,-0.027755758138400005
-0.006137680454640001,-0.027639639742160004
-0.006406335916880001,-0.027501965543760006
-0.006436096354480001,-0.027563828239520003
-0.006219728594640001,-0.027461785642720005
-0.0059992516188000005,-0.027267818908080003
-0.006195135549280001,-0.027062166506080003
-0.006267340913920001,-0.026746035675680003
-0.006465873019440001,-0.026472430970560006
-0.006265040435440001,-0.026316319211280005
-0.006308014977040001,-0.025433183600160003
-0.005891457859520001,-0.025037646106880005
-0.006367986357120001,-0.024716502881360004
-0.006443096492320001,-0.024484564158240005
-0.006762423369600001,-0.024111305680480005
-0.006505168882320001,-0.024326987151440004
-0.006378627451120001,-0.024401919124720003
-0.006471750409200001,-0.024353502406640005
-0.006935895352560001,-0.024386004523200003
-0.006936191679200001,-0.024375240523440003
-0.006974150938640001,-0.024334190234240004
-0.006795291934240001,-0.024339155464320004
-0.006850199978560001,-0.024276201046160004
-0.006808509036400001,-0.024180434583360003
-0.007482663566960001,-0.023893160052800004
-0.006937049708480001,-0.023896177648160002
-0.006755858741120001,-0.023812296943600004
-0.006328799965920001,-0.023752011396960003
-0.0060400918055200006,-0.023583728371360003
-0.006256547046160001,-0.023469878038880003
-0.006594312382080001,-0.023311222802000004
-0.006347231324320001,-0.023023382655280002
-0.006827786044400001,-0.022938575592960003
-0.006473196933600001,-0.022969981407440002
-0.006922366602800001,-0.022552294457920005
-0.006845551454000001,-0.022669417187440005
-0.007081882698080001,-0.022778713624480005
-0.006991188765120001,-0.022775858948400004
-0.007235707854960001,-0.022691075181760004
-0.007283728810480001,-0.022527154885600004
-0.006528299771840001,-0.022802751061920003
-0.006670309938800001,-0.022761400730400002
-0.006466855215040001,-0.022626899465520003
-0.005848004428080001,-0.022195487373440004
-0.005205246716080001,-0.022155791545760004
-0.005327355822880001,-0.022065920055760004
-0.004833403735520001,-0.022275258164160004
-0.0048215862281600005,-0.022277283393040005
-0.004719165898400001,-0.022388886531200004
-0.004838252403040001,-0.022456656937360004
-0.0051687553656000005,-0.022664226007760004
-0.005377314861680001,-0.022867157980480005
-0.005178348821600001,-0.023082074892160003
-0.005395301673760001,-0.023174877632720005
-0.005134005566640001,-0.023223929674800005
-0.00484453338784,-0.023490226330720003
-0.004911763279040001,-0.023514909270640004
-0.005244314855760001,-0.023459080597040004
-0.005143271543040001,-0.023399885527600004
-0.0049160982104800004,-0.023091898126640004
-0.005329302293520001,-0.022986608819200005
-0.005476620602240001,-0.023061321125600005
-0.005287267138480001,-0.023105762688400002
-0.004853834175040001,-0.023024105971840004
-0.0047965747870400005,-0.023092992694560003
-0.0048046164300800005,-0.023492105532960005
-0.004679875839760001,-0.023525229051520005
-0.004751149561440001,-0.023453288764640003
-0.004870811164720001,-0.023534415874720004
-0.0046085274400800005,-0.023357936206560004
-0.004280134952160001,-0.023143356980800004
-0.004938595879600001,-0.022875784318240003
-0.004807262606560001,-0.022889872934640003
-0.005200461745600001,-0.022779353276160003
-0.005313954642560001,-0.022647670657600004
-0.005352251598560001,-0.022682954565920004
-0.005265090391120001,-0.022609009783520005
-0.005464815685440001,-0.022579063455920003
-0.005471130870160001,-0.022419970120800003
-0.005350485395280001,-0.022346212693840004
-0.005086416794800001,-0.022354286111120003
-0.005029115116880001,-0.022209188567840002
-0.005429579672240001,-0.022113252778800004
-0.005590253820160001,-0.022271625386160003
-0.005567455950400001,-0.022506723955600005
-0.005253718227520001,-0.022618889865280004
-0.004933399640400001,-0.022645973355520002
-0.0052951127985600005,-0.022598768018480004
-0.005288377230880001,-0.022660155593600004
-0.004790393656960001,-0.022992909615920005
-0.005110533275440001,-0.023115953300720003
-0.005472432480080001,-0.022991951007680003
-0.005128920206160001,-0.023015082051440004
-0.005254629834080001,-0.022967198925600004
-0.004815292360800001,-0.022909281890720005
-0.00493402996672,-0.022532895113120004
-0.004966661333680001,-0.022582625012960003
-0.004939802247920001,-0.022716220130720003
-0.0054233275708000005,-0.022832401340240005
-0.005573628429280001,-0.022769872318640003
-0.005564127229280001,-0.022520573625760005
-0.005582236497520001,-0.022647368588400003
-0.005660502303120001,-0.022538523962480003
-0.004972252701600001,-0.022578012048160005
-0.004569080926400001,-0.022357605834240003
-0.004488810284960001,-0.022378742228000004
-0.004489921944640001,-0.022315462293760004
-0.004331798030160001,-0.022453934213520002
-0.0043634968768,-0.022379534983600003
-0.004057796481760001,-0.022312078876640003
-0.004407252754880001,-0.022145082620160003
-0.0047341027624,-0.022050824002400004
-0.004616643142960001,-0.022035103680240004
-0.004640485403520001,-0.021871580624080005
-0.004684085634160001,-0.021922676905440003
-0.0049299954154400005,-0.021919090752160003
-0.0044900863432000004,-0.022048003475520002
-0.004263162712400001,-0.022232439468080005
-0.0043526757928,-0.022082504167200003
-0.00429779456896,-0.021971413519600004
-0.005059666475440001,-0.0218309853528
-0.005060471206480001,-0.021716791250800005
-0.004907645340560001,-0.021703181458240003
-0.005337499710320001,-0.021449910966560005
-0.005206578544080001,-0.02132003898944
-0.004891020840640001,-0.021210984056160002
-0.004832012360800001,-0.021406610760800002
-0.004999150638880001,-0.021378948179680002
-0.00511294948896,-0.021296669220960004
-0.005051309918880001,-0.021314215213040003
-0.005549159100480001,-0.021307237874240003
-0.005256362052960001,-0.021465883908320004
-0.005295508366320001,-0.021666442246400002
-0.0051453102756000004,-0.021819255284880004
-0.005010597280000001,-0.021842235987120002
-0.004609350644240001,-0.021787667820560002
-0.004969185454640001,-0.021635978784560004
-0.0052056413078400005,-0.021571793931360002
-0.005158139040720001,-0.021775274467840004
-0.005233961973680001,-0.021843173172960004
-0.005143441297440001,-0.022030523109440002
-0.005177068170000001,-0.021989756742400002
-0.005443773021920001,-0.022036140494800002
-0.005538040258080001,-0.022004613994080005
-0.005260651517840001,-0.021935267961280005
-0.005567497873200001,-0.021843839836640004
-0.005800541292640001,-0.021813441163280003
-0.0055410380966400006,-0.022244565181840002
-0.005627422585280001,-0.022269571185200003
-0.005697153290160001,-0.022314990186000003
-0.006161443340960001,-0.022370580951120003
-0.0061402692870400006,-0.022521829932400005
-0.006134393214480001,-0.022664783282960003
-0.006552621954880001,-0.022691061524560005
-0.006630066721760001,-0.022834722105200003
-0.006362466203040001,-0.022849532354400005
-0.006284771796400001,-0.022882065763120005
-0.005930936394560001,-0.022811329541440002
-0.005952922687840001,-0.022755679147840005
-0.006506025299840001,-0.022490141271920002
-0.006713254713600001,-0.022443818492000004
-0.006624678997760001,-0.022700689992960002
-0.006438921386960001,-0.022590463330800004
-0.006450767863680001,-0.022379396183280005
-0.006339228766640001,-0.022393432859360005
-0.005706014752160001,-0.022244950077120004
-0.005556002106720001,-0.022381250134560004
-0.0052284601240800005,-0.022560554111360005
-0.004991529186880001,-0.022911589446640002
-0.00505264538416,-0.022964976949600004
-0.005042753242080001,-0.022791296555840005
-0.0052099103,-0.022763922293040004
-0.005031732332320001,-0.022895938203840005
-0.00498203094648,-0.022989551834240004
-0.005097935339360001,-0.022981038647600004
-0.0047994913081600005,-0.023071186603760004
-0.004986555714000001,-0.023076721422240005
-0.004439522523680001,-0.023093365622240004
-0.004707574180000001,-0.023242722575280005
-0.0046168471720000005,-0.023199199057840004
-0.004602418525120001,-0.022936023532000003
-0.004216090476160001,-0.022977022074720004
-0.0044141008756800005,-0.022727104468240004
-0.004336994274240001,-0.022575561845200005
-0.0040876577128800004,-0.022375878283840002
-0.004003270040720001,-0.022225435316960005
-0.0038975654434400004,-0.022056640951360004
-0.004026408631040001,-0.021805488146800004
-0.004250940591280001,-0.021885101034960004
-0.0042522836724800004,-0.021938896704240003
-0.004234052100320001,-0.021638386854080004
-0.004608496795840001,-0.021523378979920002
-0.004607262696640001,-0.021429757033520003
-0.004401456560800001,-0.021373795794880003
-0.003912540469520001,-0.021411878684320002
-0.0035623449376000005,-0.021360665682880003
-0.0038413850012000007,-0.021113347777360004
-0.004333786605680001,-0.020705790428960005
-0.004584006275760001,-0.020534664881840005
-0.004620057063120001,-0.020602946227680004
-0.004518055139280001,-0.020374088031520004
-0.005084544532800001,-0.020362008070880004
-0.004849383456160001,-0.020444755905520005
-0.0054068519832,-0.020285328188720003
-0.005689531148880001,-0.020501506572880003
-0.005384917092080001,-0.02059076295424
-0.005056531257360001,-0.020752349063200004
-0.005349896234400001,-0.020763227819120003
-0.005363972385760001,-0.021203672895680002
-0.005189975363600001,-0.021278015901360005
-0.005000041781840001,-0.021377574294880002
-0.004940205057280001,-0.021623230076160002
-0.005277125671600001,-0.021782467922320005
-0.005170289238000001,-0.021856883012000002
-0.005311023309840001,-0.021655778948560002
-0.005189964982160001,-0.021757515189920005
-0.0054160727099200005,-0.021802647926560004
-0.005374525232960001,-0.022048787587840003
-0.005521508560240001,-0.022127840266000003
-0.005277648387360001,-0.022227336855600004
-0.0048682843916800006,-0.022409816384240003
-0.004989847118880001,-0.022379449622960002
-0.004770596300800001,-0.022475809199200003
-0.004940942977760001,-0.022489009312960002
-0.005143993013680001,-0.022733050798880005
-0.005666201753600001,-0.022683289648160004
-0.005698782623280001,-0.022700720056560004
-0.005666713960240001,-0.022554529585360004
-0.005631205026080001,-0.022495622423200003
-0.005734211416960001,-0.022270798955200004
-0.005136147416640001,-0.022610504021440003
-0.005222035153040001,-0.022690993916160005
-0.0055626596981600005,-0.022798836373040005
-0.005566635366720001,-0.022914168443520004
-0.005408218127040001,-0.023042201230400003
-0.005422403155840001,-0.022933408531520004
-0.005387995351760001,-0.022763817624000003
-0.00543062391968,-0.022799473095040004
-0.005879811102320001,-0.022847033524320003
-0.004624568998000001,-0.022569524517760002
-0.0040002328715200005,-0.022720146742400003
-0.0042971326706400005,-0.022908082218720004
-0.004362110226320001,-0.023030980354880003
-0.004125825558240001,-0.022914308052800005
-0.0038026453916000006,-0.022973576349120003
-0.004321080292800001,-0.022605842591920004
-0.0044442229387200004,-0.022462699458240004
-0.004144726114560001,-0.022454717312720005
-0.0044547205944800005,-0.022295254407040003
-0.00426207133624,-0.022388185918880005
-0.0039010834534400005,-0.022353269568880004
-0.0037510629281600006,-0.022499657460320004
-0.0034713159859200006,-0.022341030920160005
-0.0035416352140000005,-0.022036861395120004
-0.00422121107712,-0.022068630989680003
-0.00446676489736,-0.022013749979440004
-0.0036791237501600004,-0.022235492434800004
-0.003762951132560001,-0.022670277082400003
-0.00465490479328,-0.022457713646080003
-0.004394315308640001,-0.022572271598160002
-0.0042271554556,-0.022837285089600003
-0.0041290906037600005,-0.023100956845600002
-0.0044444754960000004,-0.023236639419200004
-0.0043315520096,-0.023392901019520004
-0.004324338561920001,-0.023336431302640005
-0.004531796706560001,-0.023790919956000002
-0.004575194119520001,-0.023881463577920002
-0.004278965292320001,-0.023950037506960002
-0.0044165015664000004,-0.023905871528160004
-0.004230129400880001,-0.023910564731600005
-0.004577464776560001,-0.024013426443520003
-0.004541190909920001,-0.023639299438160004
-0.005021906225680001,-0.023327834711920004
-0.005055704406240001,-0.023299840793280003
-0.0047211019582400005,-0.023499784325600005
-0.004693038562640001,-0.023633541958880004
-0.004926332055760001,-0.023639729352800003
-0.004380022085360001,-0.023569666038160002
-0.004577420588400001,-0.023430088078720004
-0.004867799219840001,-0.023403504718720002
-0.004198477387360001,-0.023572796374960004
-0.00407410130192,-0.023668052473040005
-0.004195696118240001,-0.023662303746240003
-0.0042563451435200005,-0.023572357927840005
-0.0039770550501600005,-0.023487076927040003
-0.004131675852400001,-0.023649932400640002
-0.0041299951252000006,-0.023500753624400003
-0.004047860686720001,-0.023237842239200005
-0.003744287232640001,-0.023381993519120004
-0.0036056113485600006,-0.023200371834640004
-0.003914103329120001,-0.023142300199280003
-0.0036520503546400005,-0.023105140380320004
-0.0035153104827200005,-0.023137521062800002
-0.0035294127107200006,-0.023179181965520004
-0.0039201431769600005,-0.023250350785920002
-0.003985813857840001,-0.023134558973280005
-0.003992916934640001,-0.023108486222720003
-0.0034383691232800005,-0.022994378761760005
-0.0035217303548800006,-0.022957606131040004
-0.0037892047241600006,-0.023080153445600004
-0.003914562372240001,-0.023068358324960004
-0.003635688491840001,-0.023115960505200005
-0.0034040907449600006,-0.023401682078560002
-0.0031905423465600005,-0.023418916114240004
-0.0032420905488800005,-0.023478296478720004
-0.0036751246102400006,-0.023439656431520003
-0.0032925816056000004,-0.023613069899920004
-0.0035478607999200004,-0.023770869440160002
-0.0036736486120800007,-0.023707942474240004
-0.0038033398918400005,-0.023696444438080003
-0.0033605048379200006,-0.023844422721520004
-0.0034036214250400005,-0.024039153704080003
-0.0036308220394400004,-0.023884952716400003
-0.004155276300800001,-0.023708150849600002
-0.0039036475066400005,-0.023739300532800003
-0.0036364044993600006,-0.023863722392800005
-0.0035182622081600004,-0.023840389505520004
-0.0033038539808000005,-0.024111603186400005
-0.0034879891955200007,-0.024163731998480004
-0.0037643559753600007,-0.024141866286960002
-0.0033824838865600007,-0.024149658964960005
-0.0032366169108800007,-0.024195156629680005
-0.0037591329320000007,-0.024191698337760005
-0.0034330589437600004,-0.024403725098240004
-0.0034254480592800004,-0.024387667222960003
-0.0031440457168000007,-0.024598353850240003
-0.0028842200592800005,-0.024698002799360005
-0.0033216707726400007,-0.024638573984800002
-0.0036711959999200005,-0.024360328607600002
-0.0035799997180000005,-0.024447903710000003
-0.0036473857268800006,-0.024701169072560005
-0.0030395116766400005,-0.024909274124000003
-0.0035637569440000005,-0.024753323290320005
-0.0035057904584000006,-0.025183169378400004
-0.0032401281078400005,-0.025216586482400005
-0.0033020273802400004,-0.025109719584880005
-0.0031345590948000006,-0.025074611191760004
-0.0033106783157600007,-0.024887609446640004
-0.0031605771257600004,-0.024681805288720004
-0.0029061647375200005,-0.024525624179680003
-0.0032628113772800007,-0.024690795610560003
-0.0035803893899200006,-0.024671560726720002
-0.0031005357424000006,-0.024840467321280004
-0.0030508195072000005,-0.025165809397040002
-0.0030280323916000006,-0.025135860200080004
-0.0029383713520000003,-0.025277093812400005
-0.0024316422340000003,-0.025184739422000006
-0.0026439573058400006,-0.025154876849840004
-0.0029256796092800006,-0.024964854944160005
-0.0028529154964000002,-0.024878537257760003
-0.0033104908565600006,-0.024688366073040004
-0.0032773359532800007,-0.024506717163840005
-0.0028369616166400006,-0.024538414857280005
-0.0028706856832000005,-0.024359378760640003
-0.0030375628784800003,-0.024309599924560003
-0.0033681698420000004,-0.024226851995520004
-0.0033529331204800003,-0.024016659238880005
-0.0028453629060000004,-0.024217544194240003
-0.0029899275279200005,-0.024434531336240004
-0.0032220534301600004,-0.024444034401360004
-0.0036504119806400007,-0.024642359410320003
-0.0035396289080800005,-0.024767664178800004
-0.0032530085028000004,-0.024730882360720005
-0.0034939655244800006,-0.024775866449280003
-0.0031935299356800006,-0.024807082417840003
-0.0029882307199200005,-0.024934788058560003
-0.0031115976743200007,-0.024776160808960005
-0.0030293091759200004,-0.024609280651600004
-0.0026333321588800002,-0.024337979484960005
-0.0020609905053600003,-0.023955734031360004
-0.0018634422000000004,-0.023583213472640002
-0.0014726311493600001,-0.023720807173600002
-0.0018360928924000004,-0.023685832882880002
-0.0016914636664800003,-0.023554878362800003
-0.0016012470235200003,-0.023406676040720005
-0.0012039058744800003,-0.023355234047680005
-0.0009035025140000002,-0.023261579608000002
-0.0015125342584800003,-0.022298014736960005
-0.0017956880639200003,-0.021853768805280005
-0.0015783770238400002,-0.021465722228720004
-0.0009793865432000002,-0.021394987087920002
-0.0011826421582400001,-0.021167483988720003
-0.0016661128062400003,-0.020687575182240004
-0.0018694732796000002,-0.020441249241840004
-0.0018970611260800002,-0.020131512287840003
-0.0012802195488800002,-0.020161371736640003
-0.0018898830096800003,-0.019955616058000003
-0.0019470237868000004,-0.020066761963520002
-0.0017615661374400004,-0.020797061382000003
-0.0018042418896800003,-0.021125451086000002
-0.0012784032720800002,-0.021373569566480004
-0.0009404701924000001,-0.021581739913120002
-0.0008781291724800002,-0.021550545197600003
-0.0014217851384000003,-0.021923292101760004
-0.0021414109096,-0.022010890643040005
-0.0023280782432000004,-0.022117459234960002
-0.0023565517720800003,-0.022348977782880003
-0.0023376374728,-0.021917289655120003
-0.0026545031641600006,-0.021618644554480003
-0.0025392786668800003,-0.021162646891520004
-0.0019476651710400002,-0.020829090194400005
-0.0016261276374400003,-0.020670603566240002
-0.0014855102654400003,-0.020556782103760003
-0.0008837422310400001,-0.020646099444800003
-0.0014548545043200003,-0.020809117433440005
-0.0014916738404800003,-0.020810264015680004
-0.0015522022435200003,-0.020588465240480004
-0.0017097411841600003,-0.021581759539520004
-0.0020449827541600004,-0.022357585627680004
-0.0018269042700000003,-0.022949963225840003
-0.0021079505004800003,-0.022354089487680005
-0.00216364338648,-0.022245019833600003
-0.0029118681868800004,-0.022062264997760005
-0.0020181984054400003,-0.021969969774320003
-0.0017264113577600002,-0.021827569614320003
-0.0019636703481600002,-0.02162203272344
-0.0011499746272000003,-0.021782555320960004
-0.0013529713931200002,-0.021753367562000005
-0.0010722771712800001,-0.021729070059440005
-0.0012518275230400003,-0.021573783554960004
-0.0017924826377600004,-0.021827365783360003
-0.0018645465094400003,-0.021945636036000003
-0.0021207641860000004,-0.022093335986000003
-0.0022644560948800003,-0.022302052215840005
-0.0022154504839200003,-0.022222619393440002
-0.00208145736536,-0.022164610069920005
-0.0020935319564800003,-0.021962933192880004
-0.0016746439233600002,-0.021586515439040003
-0.0009481184270400001,-0.021312357104240003
-0.0005562763790400001,-0.021206718577120004
-0.0008557115394400001,-0.020957047056480004
-0.0013557254461600001,-0.020775742618160002
-0.0016004230979200004,-0.02072269306336
-0.0018519690119200003,-0.020622346490160003
-0.0015958783588800002,-0.020790471335120003
-0.0018154590357600004,-0.020873829097360002
-0.0018462359861600003,-0.021043711066160004
-0.0015741372244000003,-0.021333279916240004
-0.0021844411613600005,-0.021353792752800003
-0.00210368353352,-0.021296892854800003
-0.0017024237231200003,-0.021482082514640004
-0.0019324317508800004,-0.021585546215440003
-0.0017766537498400002,-0.021557256785360003
-0.0017780050926400003,-0.021448364709120003
-0.0019230289998400003,-0.021550388473280002
-0.0012337240987200001,-0.021654978158800003
-0.0014731505520800003,-0.021525111439120004
-0.0014538778686400003,-0.021326648228720005
-0.0011158618736800002,-0.021343471544800003
-0.0013785006072800001,-0.021655821981920002
-0.00115662694856,-0.021874844061680002
-0.0016748294844000002,-0.021999468070240003
-0.0022206975043200005,-0.021972584480160002
-0.0018281782766400004,-0.021754512353680002
-0.0018113193274400003,-0.021793683222160003
-0.0020857978070400003,-0.021667472883120004
-0.0020448162456000005,-0.021502944493120003
-0.00203996802376,-0.021481103997200005
-0.0020991111794400005,-0.021412220770240003
-0.0021469306094400002,-0.021324879165120002
-0.0020751566860800004,-0.021586617668320002
-0.00198919658728,-0.021460049525200003
-0.0017961921043200002,-0.021592219139120003
-0.0023483766348000004,-0.021304444652320002
-0.0020637140360800004,-0.02128106244688
-0.00223599589848,-0.021001740433360002
-0.0021321321267200005,-0.021207665305520002
-0.0016158680130400002,-0.021308800157760002
-0.0017370935601600003,-0.021266869967840003
-0.0019713922322400004,-0.021134561564880004
-0.0016248992808800002,-0.021092819246240003
-0.0016995902052800002,-0.021168380157280002
-0.0017887986011200002,-0.021304275048480002
-0.0015352148131200002,-0.021379322641840004
-0.0017374314676800002,-0.021585926762720004
-0.0017652328611200002,-0.021649552845920003
-0.0021105548373600005,-0.021359647953520005
-0.0018998942756000003,-0.021316826366960005
-0.0016746597505600002,-0.021224613494880005
-0.0020772217486400004,-0.021209980264640004
-0.00202633092304,-0.021042810923520002
-0.0021317612469600004,-0.020804311508640004
-0.0016255878076000003,-0.021127101704320004
-0.00195379462272,-0.020932575590080004
-0.0020612519516800005,-0.020711674716480003
-0.0018754200534400003,-0.020601987817840003
-0.00226302974912,-0.020463102588240002
-0.0026244569668000006,-0.020198426430080005
-0.00217039342888,-0.019979376824560004
-0.0021340679453600003,-0.019797010509920002
-0.0019065585838400003,-0.01971065634384
-0.0016834976533600002,-0.019739240309600004
-0.0018622294754400003,-0.019618367370720004
-0.0018131918635200003,-0.019385808209280004
-0.0019680447507200004,-0.01910049004704
-0.00209799118056,-0.019027116371120003
-0.0019530405492800002,-0.018832410016720005
-0.00202175728232,-0.018792005997520005
-0.0020342046670400005,-0.018910160507040003
-0.0019522595032800004,-0.018609036778800003
-0.00208132673,-0.018392473272800004
-0.0015303980638400002,-0.018325569584480002
-0.0016182738739200003,-0.018347741553280002
-0.0015273978286400001,-0.018145253642320003
-0.0016001962040800002,-0.018017246162880002
-0.0016396377524000002,-0.01805309055112
-0.0018036314644800002,-0.01807028654984
-0.0016199278321600002,-0.01815053446992
-0.0016824900059200002,-0.018167579566560003
-0.0014286067836800003,-0.018223940076640004
-0.0019187018763200004,-0.018165351010720004
-0.0015635233410400003,-0.018970975174240002
-0.0019282452160000003,-0.01927889574176
-0.0014081585162400002,-0.019865447142000003
-0.0018731916921600003,-0.019854312601760002
-0.0023745087001600003,-0.019783141106640003
-0.0026131870261600003,-0.019620359528880003
-0.0020748372633600004,-0.019510577195680005
-0.0020690562483200005,-0.019523601836160004
-0.0026679672927200004,-0.019747290296960002
-0.0023988619040000003,-0.019977894083680003
-0.0022998345007200004,-0.019993627052160002
-0.00256539653328,-0.02006777517064
-0.0020504520530400003,-0.020220190969760004
-0.0024265033343200005,-0.020154813477200002
-0.0020448821548800004,-0.020085901597280003
-0.0018808768023200002,-0.020226440172960002
-0.00198371088376,-0.020077309512480004
-0.0019602944632000005,-0.02018075255048
-0.0021848982047200003,-0.020163521547680002
-0.0022875904153600002,-0.019973156161760004
-0.002291686988,-0.020084250324960005
-0.0021744881371200003,-0.020345150293520003
-0.00211239269416,-0.020068188221280002
-0.00208983347376,-0.020085341547920004
-0.0022630897942400004,-0.020012097601520003
-0.0020713575825600005,-0.01981539328528
-0.00213914119496,-0.019834825490000003
-0.0022352478205600003,-0.019754876946400005
-0.00215225491136,-0.019745670350880002
-0.0019808835978400003,-0.019992450329120004
-0.0020542328747200004,-0.020010719107920003
-0.0021316107774400003,-0.020058134857280002
-0.0026837330650400005,-0.020194183967440004
-0.0026767251510400004,-0.020052183099200004
-0.0026371659315200004,-0.020206651711840003
-0.0025931783592800005,-0.020100840192800003
-0.0025128948824,-0.020123244310800002
-0.0027440346287200003,-0.02020039297744
-0.0029312056504000004,-0.020220375557520005
-0.0030274279566400004,-0.020446452956080004
-0.0028754396738400003,-0.020636064981120004
-0.0028275433496000005,-0.020821895794880002
-0.0027988456879200004,-0.020659594219920002
-0.0024007902454400002,-0.020948801003200002
-0.0025513969744000004,-0.02096937644808
-0.0034455463198400007,-0.020648075693920003
-0.0035830595124800007,-0.020726857267840005
-0.0032206613530400005,-0.020709495709360003
-0.0027850384972000005,-0.020678229705680003
-0.0023923496430400004,-0.020610757993920002
-0.0026690806169600003,-0.020405811763200003
-0.0029831952344000004,-0.020377346579840003
-0.0034718719512800006,-0.020155636134960003
-0.0033794957794400005,-0.020013858827440004
-0.0034963902435200004,-0.019892488943840003
-0.0033875190027200007,-0.019997781909920003
-0.0034837064036800005,-0.020152791119760004
-0.0033169982593600003,-0.020409600082800003
-0.0031253239220800006,-0.020733601824960004
-0.0036638254340800006,-0.020677843591680005
-0.0027521133711200002,-0.020601189166480002
-0.0027918208795200006,-0.020491963686240004
-0.0027489288569600002,-0.020461741684240004
-0.0023347150344800002,-0.020625261493920004
-0.0025809631456800005,-0.020375292624480002
-0.0020265543728000004,-0.020281662421280003
-0.00196011137824,-0.020154679571520003
-0.0020622353679200004,-0.019972351001520002
-0.0020696164685600005,-0.0196008522368
-0.0020383002624000004,-0.019534437210480003
-0.00233429005536,-0.019481490240880004
-0.0018714878952000003,-0.019566872550560003
-0.0015655772711200002,-0.019852679660480002
-0.0022035865787200003,-0.020400040090960005
-0.0029894051076800004,-0.020607844331120003
-0.0034185586452800004,-0.020723835903360004
-0.0034348321544000007,-0.020633688681200003
-0.0029291578784000002,-0.020620132405520002
-0.0028459015136800005,-0.020357230190320003
-0.0023426065620800003,-0.020380875887840003
-0.0023008283084000004,-0.020467527308240002
-0.0025081219140800004,-0.020438615439360003
-0.0026637514940000004,-0.020398227609200004
-0.0023105360676800002,-0.020324584074160004
-0.0018877489201600004,-0.020186469490880002
-0.0019227336123200003,-0.020039122230560005
-0.0016835672628800003,-0.020096643933280003
-0.00201036899728,-0.019969178784880002
-0.0027214740381600005,-0.020388902981600003
-0.0034643993953600003,-0.020555716708640002
-0.0035035709128800004,-0.020578719485280002
-0.0033077101565600004,-0.020453307338480005
-0.0031869736631200004,-0.020568144437440004
-0.0033187217928000007,-0.020741928326640003
-0.0030386224965600005,-0.020874101163600004
-0.0027049712383200005,-0.021057054192000005
-0.0023478043528000004,-0.021103696102720004
-0.0026288317148800006,-0.021222578652880002
-0.0027584742949600003,-0.021155284572320004
-0.0026059124619200002,-0.021080356441840004
-0.0026366983068000006,-0.021044126629760004
-0.0029670960308800006,-0.020840485230800003
-0.0023666905493600005,-0.020765709230240004
-0.0022751897830400004,-0.020701789850640005
-0.0024066764605600002,-0.020699703910640004
-0.0030092914509600006,-0.020430552393360002
-0.0027899081552800005,-0.020239278896960002
-0.0026505065392800004,-0.020157953593200002
-0.0026032688809600004,-0.020041597026480003
-0.0025927354400800003,-0.020083856475040004
-0.0029359024624800003,-0.019749418938240004
-0.0023428857564,-0.019410540903760005
-0.0021875125100000005,-0.019387519690640002
-0.0020753559718400005,-0.019514938294240003
-0.0022611206954400004,-0.019330622742080004
-0.00208208806824,-0.0193631892536
-0.0017608031674400003,-0.019306293139840003
-0.0021334644958400004,-0.019231058141920002
-0.0017002981020000003,-0.019521473248880004
-0.0018282139128800003,-0.019797301854000002
-0.0018771945130400002,-0.020161039422800002
-0.0020820538701600004,-0.020409955744320002
-0.0018764019710400003,-0.020594216304160005
-0.00197537215528,-0.020929700216
-0.0029197111114400006,-0.021219899663200002
-0.0037010652099200006,-0.021214882410160004
-0.0034382796396000004,-0.02149594558168
-0.0028345936300000004,-0.021349072920160004
-0.0032463417956800004,-0.020928275673840004
-0.0029710330963200007,-0.020879812912480002
-0.0025350059872800003,-0.020945632641360002
-0.0029977536018400003,-0.02066078592832
-0.0023717403602400004,-0.020548801364560002
-0.0022008076256000006,-0.020522995463280003
-0.0019667305953600003,-0.020765711391360003
-0.0018773864233600003,-0.021265689362400003
-0.0021308060373600004,-0.021544766858560004
-0.0013434704273600003,-0.021831770787440002
-0.0013128379164800003,-0.021635736071520004
-0.0022234110288000004,-0.021692075268160003
-0.0028219351060000003,-0.021670904105840005
-0.0025008482297600005,-0.021952352411200002
-0.0030788686196800007,-0.021933573053920002
-0.0028205867544000003,-0.022024373113680003
-0.0028038349710400004,-0.022122188747520005
-0.0029169230236000005,-0.022250291047600002
-0.0027145594142400004,-0.022101277652960005
-0.0026101723999200003,-0.022105779501760004
-0.0025496847860000003,-0.021586003006480003
-0.0029350203778400006,-0.020910483215680002
-0.0029150988784000004,-0.020741090293280005
-0.0031725184187200006,-0.020520970296800004
-0.0024626590764000003,-0.019987571247040002
-0.00216879345264,-0.01986768410464
-0.0017874280380800003,-0.019664321643200002
-0.0016231619752800003,-0.019706763640800002
-0.0022824934824800004,-0.019829252625600004
-0.0029672412444800003,-0.019972717497520002
-0.0029833935822400006,-0.02012027623928
-0.0030286675558400004,-0.020312223866240004
-0.0034299805924800004,-0.020320572935360003
-0.0033095880217600005,-0.020609514131200005
-0.0028712930462400006,-0.020438722610640003
-0.00253843697512,-0.020238933661120003
-0.0023199190593600006,-0.02038720617632
-0.0023301218885600004,-0.020611043239360003
-0.0024675049352000005,-0.020163250384320004
-0.0025745455532000003,-0.020089513210640002
-0.0023342067360800005,-0.020035550364480004
-0.0023474738701600006,-0.01991505689464
-0.0025466669190400003,-0.019793103941520004
-0.0026839142180000003,-0.019745597048800002
-0.0031070674865600004,-0.019781630855920003
-0.0027599786524800003,-0.019417288804960003
-0.0029821033116000004,-0.019172506624880004
-0.0025047079512000004,-0.018984622080240002
-0.00199018748112,-0.018891998849360003
-0.0020847882079200004,-0.019068973116640003
-0.0021705181226400003,-0.019756078735120003
-0.0027675492036800006,-0.020523227036000003
-0.0031084271045600004,-0.021032047309040004
-0.0026838155908800003,-0.021421071938880005
-0.0027388072269600005,-0.021774046736160003
-0.0031174484812000005,-0.021382313311360004
-0.0038249577819200005,-0.021130479014160004
-0.0030513396056800006,-0.020866994512000005
-0.0029211132134400004,-0.020626222621920005
-0.0022778829560000003,-0.020528894088880003
-0.00218946675344,-0.020284421051360003
-0.0019389072309600004,-0.020484576480720003
-0.0019675069032000004,-0.020786181388640003
-0.0020882716992000005,-0.020786715818880003
-0.0028749714671200003,-0.020713810648400003
-0.0029407553486400003,-0.021036131830880003
-0.0033638210873600007,-0.021000544658560005
-0.0033534764109600006,-0.020978341861680003
-0.0026076748611200003,-0.020818099051520003
-0.0027806367384800006,-0.020711830268080003
-0.0022868108969600004,-0.020750445121440003
-0.0024057671292800004,-0.020712651888560002
-0.0023974176980800003,-0.0205646169564
-0.0023248763548800004,-0.020334902700000004
-0.0017699798055200002,-0.020170381180000002
-0.0014884530011200002,-0.02014544799488
-0.00239842467104,-0.020177503646880004
-0.0028745190681600005,-0.020289578131040004
-0.0032971457423200006,-0.020482498291680005
-0.0034276606636800006,-0.020726172145600002
-0.0031465339892000005,-0.020747552852000004
-0.0034217651602400007,-0.020502460153200005
-0.0031992994617600005,-0.020357847211600003
-0.0022297254136800005,-0.020156677223680003
-0.00200138433328,-0.01994309399888
-0.0016856263145600002,-0.019773477904080003
-0.0024078868956800004,-0.020073789975360003
-0.0027193013078400004,-0.020237531358640003
-0.0030099456972800006,-0.020138278707520003
-0.0030682684548800003,-0.02020761099528
-0.0034222621437600006,-0.019887552990800004
-0.0033045903576000004,-0.019907210907200004
-0.0028653935565600003,-0.019167784180080003
-0.0024085567364000005,-0.019034586028320002
-0.00215958632856,-0.018930912525040002
-0.0018846869756800003,-0.0188731658128
-0.0022614151365600004,-0.018438013800800002
-0.0027739756648000003,-0.018608300798480002
-0.0030760358620800007,-0.018562227529280002
-0.0032844747820000007,-0.01829990850976
-0.0035099760797600004,-0.018402149211120003
-0.0036556923155200006,-0.018572153390560002
-0.0025165289499200004,-0.01836346633224
-0.00246677692544,-0.01804915893048
-0.0019478351805600003,-0.01792942229776
-0.0018492100595200003,-0.018334659100320002
-0.0017258571892800002,-0.018690584123680003
-0.0024108231961600004,-0.019286143570000004
-0.0028903853708000006,-0.019863660777920004
-0.0031247980159200004,-0.020083572518880002
-0.0028021078144800002,-0.020584211716160004
-0.0025542501729600006,-0.021120663065920003
-0.0026983590460800005,-0.021120345727120002
-0.0024127184632000004,-0.0211981922016
-0.0026170873875200006,-0.021393870951520004
-0.0027186451120800002,-0.021337703915840004
-0.0029368367358400004,-0.021564503051360002
-0.0024103217081600002,-0.021763492487200005
-0.0031603873710400006,-0.021102250044480002
-0.0032171334594400004,-0.020542915928960005
-0.0031942261539200005,-0.020405933901680003
-0.0036740645462400006,-0.020584731496400003
-0.0040132700372800005,-0.020590947057040003
-0.0038097499136000006,-0.020823835408080003
-0.0034776877104000007,-0.020783279063600002
-0.0031100289896800006,-0.020641022269840003
-0.0031376458076000004,-0.020569707120080005
-0.0031912532907200004,-0.020686365496240002
-0.0031363293592000007,-0.020709951135120003
-0.0028408466626400003,-0.020727513855840003
-0.0028362057433600004,-0.020687046416320003
-0.0028672965278400005,-0.020427059314480002
-0.0027701785551200006,-0.020468288295520002
-0.0030685751156000005,-0.020422941613520002
-0.0026840538411200005,-0.020619302625280004
-0.0027202667904000005,-0.020889789705120003
-0.0026685665365600002,-0.02091317554784
-0.0022492242931200002,-0.020895135291520005
-0.0027770192547200002,-0.020773914087600005
-0.0028624992293600003,-0.020993639694400004
-0.0027065058856800004,-0.020832955891280005
-0.0024608762696800004,-0.020792464777920003
-0.0026602387190400004,-0.020596787381600003
-0.0027970673949600003,-0.020657944831360003
-0.0027271513628800005,-0.020602973786480003
-0.0027419481737600004,-0.02050907658608
-0.0023034998633600003,-0.020509758794640003
-0.00204403520488,-0.020576469003200003
-0.0019320978977600003,-0.020661419182240005
-0.0022913375233600004,-0.020799230218320003
-0.0019377360255200004,-0.020971018153600002
-0.0029440356491200006,-0.021311748530720005
-0.0036988636070400004,-0.021536666816960003
-0.0038934212957600005,-0.021542155115360003
-0.0044650800151200005,-0.021368609540160004
-0.0034759815724800004,-0.021362058613680002
-0.0030136155398400003,-0.021435606016800002
-0.00250288988984,-0.021536319509600003
-0.00216807142928,-0.021722500945040003
-0.0019171381020800004,-0.021735722589040003
-0.0018486565952000004,-0.021993839895760002
-0.0018633979570400003,-0.021994576133600004
-0.0023798435487200004,-0.021772706126560005
-0.0028121632462400005,-0.021810773648480004
-0.0033817421273600007,-0.021945028639840002
-0.0037907770207200008,-0.022394665452000004
-0.0033687525167200006,-0.022313397584320004
-0.0030042173078400005,-0.022014411130960004
-0.0028564970408000005,-0.022123427010320003
-0.0020638684836800005,-0.022169624246720004
-0.0021461972572000003,-0.022454467312320002
-0.0021384709966400005,-0.022576571410800005
-0.0015278032571200003,-0.022742974095680005
-0.0020469430931200003,-0.022710929640560002
-0.0030698735610400004,-0.023164571330080003
-0.0037821047496800005,-0.023256349428960002
-0.0038258047496800007,-0.023202894072640003
-0.0038343069748800005,-0.023295214669440005
-0.0031565757492800005,-0.023000534169760004
-0.0027158467236000003,-0.022643367192240003
-0.0026609269724000005,-0.022471295871600003
-0.0021778700024000005,-0.022321340598960005
-0.0023519711078400004,-0.022159570242080002
-0.0021827888816,-0.022150199017680002
-0.0020613563913600003,-0.022270271746800005
-0.0025464095927200006,-0.021967779185680002
-0.0028236218223200004,-0.021680813633760003
-0.0035228289192000004,-0.022099149772160005
-0.0029245018490400006,-0.022006492113360004
-0.0025319244384000004,-0.022154830292800003
-0.0020803843141600003,-0.022194619703840002
-0.0019778364019200005,-0.022546771930720005
-0.0018374734573600002,-0.022794050563600003
-0.0026867370743200005,-0.022936778811200004
-0.0032938746292800005,-0.023290726579600005
-0.0038283735406400006,-0.023248695788400005
-0.004399724568560001,-0.023212795926400003
-0.0034397057840800005,-0.023091125663760002
-0.0029332625197600005,-0.023084129437200004
-0.0027429244226400006,-0.023044008564320005
-0.0029064063985600004,-0.022827030469360004
-0.0023372768696800004,-0.022674372862720005
-0.0027199666424000003,-0.022351282126160003
-0.0025222293752000004,-0.022268618523040004
-0.0023483246752000002,-0.022071485404160002
-0.0025222647118400003,-0.022108339162640003
-0.0023758184628,-0.022036304612560002
-0.0023185862131200005,-0.022137525452640004
-0.0023097316663200002,-0.021858391024320002
-0.0023106952542400003,-0.021506934838400004
-0.0019755377872000004,-0.021481287165600004
-0.0022432907438400002,-0.021285391780000003
-0.0019743702647200003,-0.021137067169440003
-0.0021920545582400004,-0.021219878668640002
-0.0020191948376000004,-0.021101251858240005
-0.0026634290647200003,-0.021341417335040004
-0.0029688331464000003,-0.021307139640720004
-0.0030659262360000004,-0.021449109315920003
-0.0034355173364800005,-0.021292772920000005
-0.0030550999536800003,-0.021133683063520002
-0.0028765798588800003,-0.021121608297280003
-0.0026161493240000003,-0.020904858752080004
-0.0027007404958400002,-0.020926549938800002
-0.0023415119300800005,-0.020928139620000005
-0.0022029117121600003,-0.020823115042400003
-0.0023359385976000004,-0.020845438631760003
-0.0026938403189600006,-0.020585732607200005
-0.0026058823608000005,-0.020704812036000005
-0.0023721379569600002,-0.020709446920880004
-0.0025403030611200004,-0.020677986283440003
-0.0023585769125600005,-0.02047394798032
-0.0018251089712800002,-0.020568798050400003
-0.0017188068769600003,-0.02073877801792
-0.0022877050214400005,-0.021072493719200003
-0.0028439776086400005,-0.021180415211680004
-0.0033825465680000005,-0.021304772208640004
-0.0036163084296800007,-0.021190455650720003
-0.0034303257659200007,-0.021255104930400004
-0.0031794224457600004,-0.021008732183520003
-0.0030700766930400005,-0.020763627973920003
-0.0025424181330400003,-0.020849358203920004
-0.0019217331441600002,-0.020788776073760003
-0.0024358930106400003,-0.020734159168000005
-0.0022276838840800004,-0.020851362284240005
-0.0026336002049600006,-0.020867012053120002
-0.0027191639920000005,-0.020919469620880003
-0.0026341770302400003,-0.021020664598080004
-0.0028833220308800006,-0.021054351046160002
-0.0029232240523200006,-0.020939379319440003
-0.0029469276222400006,-0.021001336209600003
-0.0030645331475200005,-0.021011539071120005
-0.0027390335386400003,-0.021003051110240003
-0.0031974081640800006,-0.020850680887360005
-0.0030952519714400003,-0.020795973001920005
-0.0027173587414400006,-0.021152367444400005
-0.0028312277063200003,-0.021093426907600004
-0.0025692936977600002,-0.020928787838640002
-0.0026545409872000005,-0.020580994107280003
-0.0026151566048800002,-0.020634308908000002
-0.00269233119888,-0.020603782092880003
-0.0029367273684000003,-0.02064722116752
-0.0027783726755200005,-0.020702017907520003
-0.0028927552107200004,-0.020871043630560002
-0.0027174101786400003,-0.020720245544000003
-0.0026411411243200005,-0.020806455677120004
-0.0028995830360800004,-0.020885445294240003
-0.0022236469080000004,-0.021022446714080004
-0.0024887318282400006,-0.020770899923440004
-0.0025117223001600002,-0.021028099620080003
-0.0026266713725600003,-0.021150526039040003
-0.0025179578557600005,-0.021293223321360005
-0.0027892558780800002,-0.021132639584000003
-0.0030089150193600006,-0.021288850530720004
-0.0026235807174400006,-0.021240460072640004
-0.0023451731841600005,-0.021432311927520004
-0.0022697585728000003,-0.021536239554720005
-0.0026602178595200006,-0.021581810971280004
-0.0028444592312000003,-0.021565544934240004
-0.0028948654940000006,-0.021626065957600003
-0.0032690574023200004,-0.021766248902880002
-0.0035459520944800004,-0.021675702462720003
-0.0033865451416800006,-0.021559791311360002
-0.0031287235128800005,-0.021742661172240003
-0.0026203672859200005,-0.021786667656560003
-0.0027849779784000005,-0.021530897788800005
-0.0028975054287200003,-0.021476152232560004
-0.0030817988515200005,-0.021620109770560003
-0.0029512065010400003,-0.021525460964560005
-0.0022884764956000005,-0.021615385922240004
-0.0025136854968000003,-0.021730828832640003
-0.0027325725245600004,-0.021722578143920004
-0.0029240307598400006,-0.021985595336240005
-0.0027288154198400003,-0.021788064682720005
-0.0027359256785600005,-0.021770095084160005
-0.0030880903866400003,-0.021667625356000003
-0.0029218099954400004,-0.021492483261520003
-0.0029648885652800005,-0.021408456223360003
-0.0027238727781600004,-0.021404663692240002
-0.0031063791755200007,-0.021109398051360004
-0.0028341903009600003,-0.021075793824000003
-0.0025102630827200005,-0.02082250417952
-0.0024373810098400005,-0.020539043888640002
-0.0023685384956,-0.020353192563680005
-0.0021483580836800004,-0.019991939198880003
-0.0022910250976000005,-0.019825464789600004
-0.0024398509611200003,-0.019654426201600003
-0.0026397800382400006,-0.019493839247920003
-0.0022674558855200005,-0.019570097780000004
-0.0024868863202400005,-0.019516423736640004
-0.0023272886839200003,-0.019622719121440004
-0.0022851918135200003,-0.019854324135360004
-0.0022113327834400003,-0.019822131457120005
-0.002145629302,-0.019726769684960004
-0.0019041724864000003,-0.019699500240640003
-0.0017206884204000004,-0.019611934318880003
-0.0017307432840800003,-0.019417828262960003
-0.0018347414083200002,-0.01951858415144
-0.0022506831688800005,-0.019471460414000004
-0.0018519902440000003,-0.01947510718864
-0.0020822249549600005,-0.019463885805920005
-0.0021456422923200004,-0.019593107694640004
-0.0017376737316800004,-0.019617568606080004
-0.0021810571365600004,-0.019355178280720003
-0.0028714535844800004,-0.019504959362320003
-0.0036354370962400004,-0.019866365412160004
-0.00416679009136,-0.019859138579040002
-0.0034376128547200006,-0.019654833254240004
-0.0032685330105600005,-0.019424754455280004
-0.0029514171502400006,-0.019494791266640003
-0.0029485478824000004,-0.019548302316800003
-0.0034167739524000006,-0.019646062171040004
-0.0034066126322400006,-0.019841787959200004
-0.0035011023588000004,-0.019941632986000005
-0.0027686589056000006,-0.020261460240560004
-0.0026017473333600004,-0.020387015762560003
-0.0026354396890400002,-0.020584984244640003
-0.0026264215629600005,-0.020560980399280004
-0.0028525754849600005,-0.020663923736000005
-0.0028548492766400004,-0.020592656206480004
-0.0023619573580000003,-0.020399385196800002
-0.0020828869505600004,-0.020627212589840002
-0.0024247819358400005,-0.020467246775040002
-0.0019218805718400002,-0.020613547740800004
-0.0015698289476800003,-0.020583026937920003
-0.0019872175167200004,-0.02060203489432
-0.0017840777617600004,-0.02059495322568
-0.0020778158526400005,-0.020568471778400002
-0.00199311068416,-0.020913832969920002
-0.00228384633824,-0.021019813945200003
-0.0031556482652800007,-0.021284626186960004
-0.0037118815054400004,-0.021456632659920004
-0.0035567069140800007,-0.021474966132080005
-0.0026729497299200003,-0.021298415528800005
-0.0025099141007200003,-0.021022487266960002
-0.0023699489025600005,-0.020794340558560002
-0.0021841729984000005,-0.020859870285360002
-0.0023077353000800003,-0.020483884774480002
-0.0021346498865600005,-0.020507116988160004
-0.0032035052399200007,-0.020689927937200002
-0.0037026320707200006,-0.020886200775360002
-0.0038922255629600007,-0.021037650517760003
-0.0031463767107200004,-0.020847697834720003
-0.0029757506638400004,-0.020553881032000003
-0.0027032273711200005,-0.020351840349920002
-0.0023276130943200002,-0.020164576087040004
-0.0024306491825600005,-0.020185450193040005
-0.0025664786424000005,-0.0203754146964
-0.0021654181936800005,-0.020315998106080004
-0.00233023023008,-0.020251567731200005
-0.0023613418889600005,-0.020272034374800005
-0.0022952394899200005,-0.020285852671760002
-0.0015851850741600002,-0.020231189005200004
-0.0024303725296000002,-0.020489824519360003
-0.0030414022534400007,-0.02065728905416
-0.0035517037712800006,-0.020662265978640005
-0.0037071319964800007,-0.020999820427920004
-0.0038532454552800007,-0.021208247274000003
-0.0034228077540000004,-0.021046870338400005
-0.0031285547757600005,-0.020808226811280004
-0.0023403371167200005,-0.020543174605920003
-0.0023770052376,-0.020266944356320003
-0.0024192085256000005,-0.020233386708960004
-0.0019042002264000003,-0.0204564583872
-0.00200649262992,-0.020576601947360003
-0.0020397370900000003,-0.020662705449520005
-0.0029374938720000006,-0.020950033808560004
-0.0029409349771200004,-0.021195631321040003
-0.0032322699462400007,-0.021260666180320003
-0.0036666276956800006,-0.021117312779040002
-0.0032123284030400007,-0.020979289527440003
-0.0027633216632000006,-0.02061384176128
-0.0025320893411200003,-0.020162730350560005
-0.0019509492741600003,-0.020032865940320003
-0.0018729647706400003,-0.019857046386160003
-0.0018296548568800003,-0.019806076627040002
-0.0022046917136800005,-0.02004529764128
-0.0026611071623200006,-0.020591807679680003
-0.0029709594278400004,-0.020943659076880002
-0.0031659134261600003,-0.021100711989360005
-0.0035821946515200006,-0.021241191550720004
-0.0035750464816800007,-0.021345085585280005
-0.0032938524536000003,-0.021775821502240004
-0.0033589817931200007,-0.022077590414800004
-0.0029630874524000004,-0.021942720800800005
-0.0029140449023200006,-0.021717696918560004
-0.0024284153208800003,-0.021787024766480003
-0.0025473948880000005,-0.021664349536800003
-0.0026163128529600004,-0.021563813273680003
-0.0019895522056000005,-0.021450258319440002
-0.0016612873305600002,-0.021648753086720002
-0.0017111148506400002,-0.021924702756800002
-0.0022309996426400002,-0.022447491008000003
-0.0027280217693600004,-0.022714207185520002
-0.0033900580582400005,-0.022763134913920003
-0.0036228992192800006,-0.022844979677920003
-0.0031210253016000005,-0.022827441885360004
-0.0032832505230400003,-0.022738830697760004
-0.0037055939067200004,-0.022650473440480004
-0.0034926594072000007,-0.022738266056080005
-0.0023727391547200003,-0.022696147901760003
-0.00246285709456,-0.022410076219360003
-0.00230290523992,-0.022381932963280005
-0.0020864558636800004,-0.022553471332240005
-0.0020661680588,-0.022285921203120004
-0.0018911615184000004,-0.022323993533440004
-0.0028333863010400005,-0.021585351398080002
-0.0036860186272000004,-0.021226197878640003
-0.003940433233040001,-0.020954726012240004
-0.00424395391272,-0.020762228718560004
-0.0034913449678400004,-0.02025110387784
-0.0029618145153600004,-0.019962027054640005
-0.0025150647698400004,-0.020078145911600002
-0.00223564127856,-0.020094195636480003
-0.0022184340078400004,-0.019985461369040003
-0.0026913865383200006,-0.019861135404480004
-0.0032643218651200005,-0.019744880810800003
-0.0030924520505600005,-0.019908432848320005
-0.0029008129578400005,-0.01989285739016
-0.0026011900584000003,-0.019962973875840003
-0.0024396658464000006,-0.019953023201440004
-0.0025077830244800005,-0.019929001011520002
-0.0024450999526400004,-0.019960209530880003
-0.0026576397991200005,-0.020005841179360002
-0.0025890157344000005,-0.019792671203280002
-0.0027040285332000005,-0.019615820873440003
-0.0020831452876800003,-0.019599735416960005
-0.0023246626158400004,-0.019626155802960003
-0.0025355580647200004,-0.019699619737920004
-0.0023880977360000006,-0.019889266302800003
-0.0025986061044,-0.019872113276000004
-0.002259537342,-0.019907369714400002
-0.0026784613594400004,-0.01997257255928
-0.0027409663862400005,-0.019991489312400003
-0.0025476330243200005,-0.019801138986480005
-0.0026592433654400002,-0.019712137242000004
-0.0029743962559200003,-0.019633063040320003
-0.0030708712458400005,-0.019664078463280003
-0.0030594896683200003,-0.020433068978960002
-0.0023305898118400003,-0.021073612843040004
-0.0027133745437600003,-0.021068524936320002
-0.0025426495460800004,-0.020444648337520004
-0.0027062853802400006,-0.019881052256000002
-0.0027667498531200006,-0.019745180065200003
-0.0027724768292800004,-0.019516598665840004
-0.00263126840432,-0.019367937160320002
-0.0026411718380000004,-0.01916586003656
-0.0030989311072800005,-0.019734136950080004
-0.00413435338448,-0.020262337470720003
-0.0036465740843200007,-0.020365270138880003
-0.0028538224507200006,-0.020277929196960004
-0.0026973290859200003,-0.020304093459600003
-0.0028989032654400003,-0.020132443152480004
-0.0027831995157600003,-0.020011589315760005
-0.0024286094603200004,-0.019990621152320004
-0.0024651019973600005,-0.01983604271056
-0.0028098392037600004,-0.01958227197432
-0.0022863104031200002,-0.019797784853120004
-0.0020745513708800003,-0.019620025449520004
-0.0022872665545600004,-0.019817040590560005
-0.0023244050683200006,-0.019982969957120005
-0.0020636728126400003,-0.020076808530080002
-0.0025013265972000003,-0.020038943181520004
-0.0031598595176800005,-0.020136933967520004
-0.0030011509349600007,-0.020117531093200004
