-0.46426998022472005,0.38381006067127005
-0.6278845262780801,0.05970819488304001
-0.7254464999328001,-0.13633006787392002
-0.7830633924380002,-0.2542479024604
-0.8159032908140801,-0.3244867060710401
-0.8342404568677602,-0.3657965513555201
-0.8436328342876002,-0.3896938807576001
-0.8481782497132802,-0.4029447744401601
-0.8494476688532001,-0.41017733336576007
-0.8483511846302402,-0.41316683375224006
-0.8462526489173602,-0.41351099824736004
-0.8432891101532002,-0.41189973669856006
-0.8399518089012802,-0.4098949853683201
-0.8360899450340802,-0.40755485280256004
-0.8324119835292001,-0.40458354677376007
-0.8288410346876002,-0.40147939111672004
-0.8251648821164002,-0.39863276908256007
-0.8205523432615202,-0.3950902039580801
-0.8164811527418401,-0.39192874561240004
-0.8126206765976002,-0.38876712749760006
-0.8083052270856801,-0.3859223787625601
-0.8038183408568002,-0.38292349713536006
-0.8002020390368801,-0.37951747699592003
-0.7965378799174401,-0.37610834279952005
-0.7929160262776002,-0.37289499228000006
-0.7893384466980802,-0.37014919253224005
-0.7846912677664001,-0.36698155256304005
-0.7806127981388001,-0.3641481323064801
-0.7762981173076001,-0.36119594239168007
-0.7723770182644001,-0.35847554475400006
-0.7694792929696002,-0.35572961664496006
-0.7658783949809601,-0.35307003424648004
-0.7615810307514401,-0.3501128182467201
-0.7570941929200001,-0.34707312003336005
-0.7537313288953601,-0.34377630899776007
-0.7502412174264002,-0.34077912463536003
-0.7471491591900001,-0.3379279361782401
-0.7433976919009602,-0.33563820517536
-0.7400619458189601,-0.33338832656120004
-0.7364619667481601,-0.33083678040488007
-0.7330737778392801,-0.32807502424560003
-0.7294640561532001,-0.3249680639597601
-0.7246244419534401,-0.32282887814728006
-0.7205676399669602,-0.32015810120040006
-0.7169995826171202,-0.31717607682312005
-0.7133596242196801,-0.31491844596352003
-0.7101602100716001,-0.31244085184840004
-0.7064330797665601,-0.30974888959600005
-0.7028322270211201,-0.30737614801152
-0.6989786032990402,-0.30475724780664004
-0.6955348234108801,-0.30186393578472004
-0.6920533381472801,-0.29948134975304
-0.6890349694548801,-0.29688619341032
-0.6850804903233602,-0.29499895618144006
-0.6811778893726401,-0.29230489794680004
-0.6786207370369601,-0.29033566889072004
-0.6748880560236801,-0.28774618645784006
-0.6714394826660001,-0.28553323774776007
-0.66852524563568,-0.28273693829920005
-0.6642925712248001,-0.28058888458976006
-0.6607624827412801,-0.27760528188096006
-0.6576822422778401,-0.27524294794568005
-0.6541938732156801,-0.27348222084928003
-0.6508924022426401,-0.27083861945232
-0.6476167277060801,-0.26853039143120006
-0.6445986313345601,-0.26666185017208005
-0.6411500729202401,-0.26421167368400006
-0.6377090684364001,-0.26210428839992006
-0.6344579609376801,-0.25969523132768
-0.6314482740654401,-0.25667835238440007
-0.6278697971358401,-0.25426124343056006
-0.6252699503068802,-0.25218159085760006
-0.6217253212824001,-0.25027414907424006
-0.618655282604,-0.24831402242392003
-0.6151652926158401,-0.24554394218768003
-0.6118685388814401,-0.24311089109888004
-0.6088433557278401,-0.24106931709848003
-0.60616745385624,-0.23878256334880005
-0.6027134039057601,-0.23685767118024004
-0.5994307100228001,-0.23505662470856004
-0.59679849234208,-0.23318161345184005
-0.5938042054064001,-0.23115944984160003
-0.5902826438653601,-0.22925613423496002
-0.5868654629055201,-0.22735900164480002
-0.5845012261812801,-0.22511171006768005
-0.5811888634096001,-0.22280064601432004
-0.5780060717781601,-0.22060665241096003
-0.5750172232172001,-0.21941356720712005
-0.5714198027802401,-0.21768774488080003
-0.5684986610231201,-0.21564616004856002
-0.5657463049582401,-0.21411834057152004
-0.5630140535468801,-0.21228593394992004
-0.5598172945492801,-0.21028977929792003
-0.5572411364441601,-0.20855104846928002
-0.5539517055653601,-0.20675968637984002
-0.5507625998604001,-0.20437876962544002
-0.5488400150473601,-0.20211162588992004
-0.5460417057880801,-0.19997031265496004
-0.5434611235596801,-0.19844951391040003
-0.5408352665929601,-0.19710407670360003
-0.5376883854394401,-0.19522419112968004
-0.53497653489504,-0.19313936727216002
-0.5325696813962401,-0.19110909454704003
-0.5300969407160001,-0.18996208940888004
-0.5270844873096001,-0.18842142918096003
-0.5240930108229601,-0.18659988580400003
-0.5216618602136801,-0.18543049439072004
-0.5183919787508801,-0.18356049389408002
-0.51603238006936,-0.18182423722800004
-0.5133873907006401,-0.17981498318696001
-0.5105170473191201,-0.17869669676432004
-0.50785861853264,-0.17676622105096002
-0.50533137866632,-0.17496684605872004
-0.5024388270028801,-0.17376066614848001
-0.50002335899336,-0.17220919029864
-0.4970828866228801,-0.17090209350816002
-0.49428324316944006,-0.16948676473560004
-0.4919878798067201,-0.16752765617000004
-0.4895778534191201,-0.16629348904080002
-0.4873773462987201,-0.16437720605592002
-0.4847901697782401,-0.16302959756528002
-0.48207531867032005,-0.16131421277936003
-0.4792765551144001,-0.16042810768344
-0.4774426459324801,-0.15871438188960002
-0.47467243980800006,-0.15767506645496002
-0.47257098459168007,-0.15619611362416003
-0.4695874804180001,-0.15497336215000002
-0.46698522026008005,-0.15343633915240001
-0.46467580242008005,-0.15217914048480002
-0.4621073944648801,-0.15047526012792004
-0.4598036246525601,-0.14933327167784002
-0.4573184781611201,-0.14745099791736002
-0.4549841913999201,-0.14624419118864002
-0.45247241340984007,-0.14519710752800002
-0.44990207684832006,-0.14341228599648
-0.44737883941688006,-0.14237958733224002
-0.44528918180784005,-0.14080643042256002
-0.4426923299993601,-0.13954318001376
-0.4401967378540801,-0.13852334100792002
-0.4384230635792001,-0.13689324015576002
-0.43570893174224007,-0.13568231638128003
-0.43333426342200004,-0.13453406732096002
-0.43104407558696006,-0.13285432183504003
-0.42831836477168006,-0.13150502548864001
-0.4257752523452801,-0.13072774205048002
-0.42340447379704005,-0.12999658795088
-0.4219426028146401,-0.12882616205056002
-0.41979184208976006,-0.12758849901416003
-0.41759089530576005,-0.12669438982040002
-0.41538243345872006,-0.12615873380176001
-0.41336550841088004,-0.12510636726488003
-0.41104947208680004,-0.12395043080400002
-0.40848065661040006,-0.12319538343080003
-0.4065575685957601,-0.12240401708688002
-0.40499286341016005,-0.12111157753584002
-0.4022345829062401,-0.11990043494496001
-0.4002392672295201,-0.11893259351584001
-0.39847780381832004,-0.11823538124112001
-0.39639525645976004,-0.11756347520744002
-0.3947119436488001,-0.11669717797424002
-0.3921325436824801,-0.11515906698912001
-0.38922079731648007,-0.11391684034552002
-0.38765630916952004,-0.11272920526792002
-0.38593719895008005,-0.11186385216696001
-0.38414505166088003,-0.11099703406568001
-0.38243856548296007,-0.11026235505184001
-0.37937607753728003,-0.10957958023976001
-0.37690057440608005,-0.10883356592480002
-0.3746495903592801,-0.10733875188688001
-0.37331395415968005,-0.10589176505240001
-0.3715706099504801,-0.10478918125496002
-0.36935694851648004,-0.10402549114424002
-0.36723898134688004,-0.10325428739728001
-0.36598986259736005,-0.10229696871768001
-0.36346702179488005,-0.10125785341960002
-0.36153733197976007,-0.10013776800480001
-0.35947718552128005,-0.09912177965872002
-0.35783207466576006,-0.09822146604680002
-0.35579940903552004,-0.09742664606544002
-0.35400121601424006,-0.09653381476632002
-0.35204559320688006,-0.09575756137728002
-0.35085808147032005,-0.09479783990408001
-0.34875966633928007,-0.09403220748744001
-0.34696380584960007,-0.09320700407480001
-0.34534439891496005,-0.09242520930432001
-0.34381656899320007,-0.09159597409328002
-0.34204266614664003,-0.09078772389904001
-0.33990123213760004,-0.08977964402944001
-0.33753717095304003,-0.08857342552248001
-0.33475540947384,-0.08758307899088001
-0.33315971588592,-0.08646339413104001
-0.33096855868816005,-0.08608015111968001
-0.32912146264648007,-0.08563724479520002
-0.32762880003712,-0.08461478091008001
-0.32618587142320005,-0.08369812447264001
-0.3249671822133601,-0.08273446104760002
-0.32293003264704007,-0.08207018369064001
-0.32151173608376005,-0.08127343191088002
-0.32038696739856004,-0.08055292533744002
-0.31919212734584007,-0.08058730432240001
-0.31733311941312004,-0.07996106743408002
-0.31585563184648,-0.07930889013680001
-0.31403199532272,-0.07849241699840001
-0.31232071482960005,-0.07772162549336001
-0.31096934744512006,-0.07673159067856002
-0.30894201403248006,-0.07645960157288001
-0.30650330567160006,-0.07603311710976002
-0.30514417585312004,-0.07507727390088001
-0.30350206809656005,-0.07401841482848001
-0.30154030144472005,-0.07320277786976001
-0.29999296483024007,-0.07202095255360001
-0.29808213497016006,-0.07154781446688001
-0.29594878087000004,-0.07069094731520001
-0.29418226399624003,-0.06957094845408002
-0.29306290999008006,-0.0688346204748
-0.29214671546872006,-0.06869642363200001
-0.29037069240904007,-0.06822994468064002
-0.28886974890168005,-0.06761935538136
-0.28772739858120006,-0.06667473726720001
-0.28567440231456004,-0.06659985507608002
-0.28398515978584005,-0.06593717609720001
-0.2821591338832,-0.06496413366232001
-0.28054589848144007,-0.06449803318616001
-0.27955532299120006,-0.06395562516128
-0.27808523385184003,-0.06306336847024001
-0.27684899644048006,-0.06215656360248001
-0.27526238445432005,-0.06149724377928001
-0.27343346536056007,-0.06073383143680001
-0.27200136636832006,-0.05963342379896001
-0.27076349159912005,-0.05947874866848001
-0.26919608777472004,-0.05897815125656001
-0.26751375745704004,-0.05799577814320001
-0.265660727322,-0.05749507641632001
-0.26420131159392,-0.05674902642560001
-0.26297840894128005,-0.056033568574000006
-0.26177525223864007,-0.05583963414496001
-0.26037527995696,-0.05484933277888001
-0.25872626274680005,-0.053884322703840005
-0.25731863898328006,-0.05315903997712001
-0.25660386478424,-0.052458114946480006
-0.25535990382920004,-0.05153188576368001
-0.25359231067840005,-0.05115229812896001
-0.2524210217664,-0.050480128838880006
-0.25129338800344003,-0.05037991527352001
-0.25022704383552,-0.04957131690928001
-0.24840133282296004,-0.048820442942320005
-0.24696153560304004,-0.04848610022344001
-0.24566913454144004,-0.048067963018960005
-0.24408472306696005,-0.04809781113184001
-0.24279664242504004,-0.04728328369712001
-0.24056863917952004,-0.047062738635040006
-0.23941706632048004,-0.04660260681960001
-0.23829943136064002,-0.045607326886000006
-0.23687439914176003,-0.045038079546240006
-0.23541667387312004,-0.044122218468640007
-0.23450479075144004,-0.04357376387384001
-0.23313893329960003,-0.042842327567840004
-0.23199691911680004,-0.04256477308768001
-0.23101253661008003,-0.04217301201088001
-0.22991905648704003,-0.04212967342928001
-0.22835523127096002,-0.041537279080640005
-0.22676366357048003,-0.04111889659008001
-0.22571112176584004,-0.040675961560960004
-0.22417956286640003,-0.040571459469440005
-0.22311508929640003,-0.03978208953192001
-0.22256262897768003,-0.039525234328480006
-0.22151703512976004,-0.038766161606560004
-0.22021196915184005,-0.03851668315232001
-0.21941700904336003,-0.03824312715296001
-0.21769671078904004,-0.03822020210464001
-0.21647941432600004,-0.03762620503920001
-0.21591803212144003,-0.037466742487600006
-0.21447056576024004,-0.03703887444264001
-0.21287853287592004,-0.036905684752320006
-0.21200845577848004,-0.036190069739920006
-0.21078351903632003,-0.035947586036000005
-0.21036627625312004,-0.035361874647440006
-0.20919534743832002,-0.03525559656392001
-0.20821276902848004,-0.034475406714400005
-0.20665941590400003,-0.034450394621840005
-0.20587554937576003,-0.03356874302288001
-0.20459212478440003,-0.03313746067256001
-0.20379060261120002,-0.03317209895624001
-0.20244789596864002,-0.03254134526368001
-0.20170784746624004,-0.032448504922880005
-0.20054931793320002,-0.03184428277792001
-0.19929287803984003,-0.031679331442000004
-0.19891504892344003,-0.030899826238080005
-0.19695605470376004,-0.030701646494000003
-0.19659011289856004,-0.030584524842400006
-0.19491878633272003,-0.029805855476160003
-0.19334746975792003,-0.029353483188800003
-0.19252485328928004,-0.028700405717680004
-0.19120724579200002,-0.028331273686080006
-0.19060470677688002,-0.027585228564960006
-0.18960922028016003,-0.027223003820080003
-0.18801760291048003,-0.026926475109120003
-0.18717464000520004,-0.026447247303840005
-0.18602814607744003,-0.026177181690960005
-0.18492634403640004,-0.026271949216320003
-0.18419638521640003,-0.025567377354240004
-0.18344608212032004,-0.025436424294960003
-0.18237469547312002,-0.024814621471120003
-0.18215827509232002,-0.024468057288400003
-0.18137843603512002,-0.024230910473440004
-0.17967721527288003,-0.023411813536640003
-0.17865599465992002,-0.023177323768960003
-0.17756170194968002,-0.022686344684800002
-0.17697752946272002,-0.022100656251200005
-0.17572986528488002,-0.021626587992000002
-0.17470008819264002,-0.021374225503280005
-0.17345688371104004,-0.020725471218560002
-0.17267551648696003,-0.020390937608320003
-0.17098962964264003,-0.020373672456000004
-0.17035180615688003,-0.019811592854640004
-0.16940367767392003,-0.019497634376720002
-0.16907366781560002,-0.019449325732560002
-0.16807211032968003,-0.018696046165280002
-0.16754286204792002,-0.018603484063760004
-0.16627785481304003,-0.018578670676800003
-0.16570469451480002,-0.017976804871040003
-0.16442191357792002,-0.017817596620960004
-0.16335853585216004,-0.017784310096960004
-0.16227318603520002,-0.017017542353040004
-0.16120361718272003,-0.01677560406632
-0.16009575915520002,-0.016445967415360002
-0.15990699310584003,-0.015756062194480003
-0.15887534885560003,-0.015173975201840002
-0.15839032741624,-0.014985449624880002
-0.15679548065360002,-0.014836681334160003
-0.15589421035232,-0.014423309890240002
-0.15469226533048003,-0.014187256971600002
-0.15397286418496003,-0.014192271900720001
-0.15331962723704,-0.013640296047520001
-0.15226929996680003,-0.013510770916720002
-0.15195061717184002,-0.013518173898480002
-0.15073818107344003,-0.013709153090720003
-0.15027984555184,-0.013160667181440003
-0.14937649860576002,-0.012843890137520002
-0.14862844629928001,-0.012831494619120002
-0.14733927908096003,-0.012788486236960002
-0.14720865067088001,-0.012252916852800002
-0.14663939638856002,-0.012050235186960002
-0.14578033310360003,-0.012068041721840003
-0.1451552826696,-0.012162383461600002
-0.14407782784048,-0.011326073607200001
-0.1432111173728,-0.010736043120560002
-0.14219802088360003,-0.010618192616960002
-0.14137019755760002,-0.010705373840000003
-0.14075353336328003,-0.010286563913440001
-0.14023287607728002,-0.0098139239408
-0.13980577042912,-0.009708535469120002
-0.13845633534264,-0.009839812726000001
-0.13779774567216002,-0.009363547086560002
-0.13695814390616,-0.009201092106720002
-0.13627563843456003,-0.009388533869120001
-0.13532351535712003,-0.009399882098960002
-0.13422229110944003,-0.008662695334560001
-0.13410207884264003,-0.008304299909760001
-0.13313165647752,-0.00813126686192
-0.13208102091936003,-0.00832200652672
-0.13203039802424002,-0.008381068797920001
-0.13150582812968,-0.007761144328480001
-0.13129139801280001,-0.007679871891360001
-0.13066714056368003,-0.007560056431920001
-0.12979982067056,-0.007431683822960001
-0.12906301012952,-0.0077945819563200016
-0.12777697074528002,-0.007123939639200001
-0.12680888509464003,-0.006811562258880001
-0.12626570072872,-0.006902363878160001
-0.12543328844336002,-0.006944259481760001
-0.12475618663792001,-0.0071607879296800014
-0.12437898090648002,-0.006770812798160001
-0.12366508444920002,-0.006298148358560001
-0.12274463255760001,-0.006278667614720001
-0.12166374384784003,-0.006079653184880001
-0.12079475876408002,-0.006278449285600001
-0.12028619870312002,-0.006002107215520001
-0.11911604776208001,-0.005669661576960001
-0.11866130374544002,-0.005624020910160001
-0.11846308551192002,-0.006003773639280001
-0.11757498929632001,-0.005925838979920001
-0.11731548924848002,-0.005409782504640001
-0.11699886095232002,-0.005161710858800001
-0.11595890762368002,-0.004966783383920001
-0.11511890987344002,-0.005129355193680001
-0.11548908444432002,-0.0052561116410400005
-0.11452898196544002,-0.00522980539504
-0.11356323392200002,-0.004774746687280001
-0.11296003370176001,-0.0048073199331200005
-0.11203834635720002,-0.0047748044654400005
-0.11136837574328001,-0.005176933265040001
-0.11120022146272002,-0.005556673082080001
-0.11023104952496002,-0.005590449501360001
-0.10944179628664001,-0.005284031649280001
-0.10893110752000001,-0.005082072564080001
-0.10952242799696002,-0.004976881079280001
-0.10856741222832002,-0.005222148795200001
-0.10830008736136001,-0.005376901207680001
-0.10794473207920002,-0.005322132994400001
-0.10749964789224002,-0.004640899384400001
-0.10674165564256001,-0.004533735543920001
-0.10699929269344002,-0.0038974225064800005
-0.10646755796488001,-0.0034496791730400005
-0.10581050711632002,-0.0034000478384000007
-0.10521968687672002,-0.0032636920761600005
-0.10416146856864002,-0.0031896242607200006
-0.10371833254320002,-0.0025857891048800003
-0.10372560722232002,-0.0021379774264800003
-0.10355659557208001,-0.0020703834200000003
-0.10299010096208001,-0.0018022500734400002
-0.10201085421256001,-0.0019019351191200003
-0.10168168545240001,-0.0020894091579200004
-0.10001516536928001,-0.0024928746860000003
-0.09938925275968001,-0.0017338630108000002
-0.09952928685816001,-0.0016285633147200003
-0.09858399666304002,-0.0014603623117600002
-0.09846349490592002,-0.0012215641667200003
-0.09801694305752001,-0.0011372784937600001
-0.09787002101096001,-0.0009142750548800002
-0.09690425847320001,-0.0008718141105600001
-0.09644829429704002,-0.0010497848164800001
-0.09653132753736002,-0.00019604908600000004
-0.09616000868200002,0.00012359597347000003
-0.09537244736696002,0.00033289139105000003
-0.09504614759768001,0.00032977658118000006
-0.09461516635584001,0.00019849627856000004
-0.09337085469360001,0.00023535733545000003
-0.09259508957928002,0.00016188509175000003
-0.09211707493520001,-0.00009310673912000001
-0.09246153805488001,0.0007992446934400001
-0.09180225011648001,0.0016579842074600003
-0.09103497524368001,0.0020211653184600002
-0.09074839015080001,0.0020309128740400003
-0.09022289380440002,0.00203035843071
-0.08963309541160001,0.00239235829415
-0.08932316973624001,0.0024341490310900004
-0.08949419359744001,0.0025575005028200004
-0.08865984543904001,0.0024386623979100004
-0.08770987814520001,0.0025177646243900002
-0.08692494715408002,0.0033282891927100006
-0.08653500352888001,0.003748757000220001
-0.08629972171680002,0.00393498357007
-0.08534568471552001,0.00407135147597
-0.08524573656632001,0.004125116915300001
-0.08463032243344001,0.0040316914093500005
-0.08480660807616001,0.004032703971540001
-0.08380414991224001,0.004202764999770001
-0.08330813477176001,0.004079472473150001
-0.08293974957768001,0.003924404006060001
-0.08258775086912001,0.0033102984032400006
-0.08288457219120002,0.0037609955885300004
-0.08227400758672002,0.0036920239240100005
-0.08182418392976001,0.0036793944380700007
-0.08121999331960002,0.0035162102859200004
-0.08120927016736001,0.0034142291795100006
-0.07993629032224,0.0032798187600000003
-0.07997149721656001,0.0033143702874800004
-0.07999452206400001,0.0032461698797400006
-0.07899838887816,0.0030901171248900005
-0.07825568606592001,0.0030616637242400005
-0.07800134179240001,0.0032680706352500007
-0.07774662501888001,0.0033872509883500004
-0.07747183034192001,0.0038128312415200006
-0.07733062045840002,0.003932494132710001
-0.07704992368984001,0.0043152163137300005
-0.07588735476728001,0.004496549684820001
-0.07545111531040001,0.004271984622760001
-0.07526123324048001,0.004198161824220001
-0.07534349497832,0.0041535039497800005
-0.07538337533584001,0.00436061150868
-0.07476702814656001,0.004301507049780001
-0.07408239696808001,0.004045227046240001
-0.07375268307280002,0.00397451717312
-0.07347818718336001,0.0037289247086400006
-0.07256553965792001,0.003951360392010001
-0.07169154385936001,0.004123756524780001
-0.07174794750112001,0.004978225528070001
-0.07172790011832002,0.005318109510900001
-0.07170532656080002,0.005455238536740001
-0.07102178250720001,0.005742386980220001
-0.07065535555312001,0.005822427465980001
-0.07055125783312001,0.005672690934270001
-0.07013800808400002,0.005549590390320001
-0.06956514938816001,0.005093540570100001
-0.06899007435648001,0.005155022097430001
-0.068582497288,0.005084677639360001
-0.06847229851480001,0.005042053514150001
-0.06771310516856001,0.0046920059042
-0.06740895569952,0.00433659496954
-0.06723700496096001,0.0042443589927000005
-0.06677282368728,0.0041161418801200006
-0.06632077460048001,0.0038996969749400005
-0.06652548315928002,0.00396041391567
-0.06656524858336,0.0046139475824600006
-0.06693790310688001,0.0049833632427200006
-0.06619722690472,0.005431820029890001
-0.06516845812528001,0.005751067907350001
-0.06428954899416,0.005580010030460001
-0.06412758624480001,0.005415874601360001
-0.06439164577400001,0.0052871116354500005
-0.06424073530144,0.005102325777100001
-0.06369979967704001,0.005459092199980001
-0.06304331166720001,0.005338522508000001
-0.06283597780920001,0.005408269822590001
-0.06298868845544,0.0054294213160600005
-0.06264155800176001,0.005237385829210001
-0.06285161768088,0.004848968757530001
-0.06195899368520001,0.0049659457537300005
-0.06129451516400001,0.004912978031130001
-0.06112074016768001,0.004963325747430001
-0.06104339706224001,0.004864376272040001
-0.06112806301704001,0.004898859123060001
-0.06115384609048001,0.004952023916270001
-0.06017770811352001,0.005045667736890001
-0.05981599568720001,0.005869389534280001
-0.05944825805952001,0.0059573617922900005
-0.059391099058240006,0.006013014313920001
-0.05995408859608001,0.006256868528730001
-0.05965281691992001,0.006197075339360001
-0.05847032533968001,0.006168535507290001
-0.05796647630136001,0.006157020088110001
-0.05763920555768001,0.006300641781320001
-0.05776877121144001,0.006256581127990001
-0.05751448896032001,0.006105785082470001
-0.05710560109424001,0.005946781791400001
-0.05659392771224001,0.005884884836810001
-0.05626083016872001,0.005992651516490001
-0.05593441067416001,0.0058115736286500005
-0.05507185718272001,0.005568506937460001
-0.05508073805616001,0.005313708015190001
-0.05553340777192001,0.005122913412810001
-0.05579375359192001,0.005100652166680001
-0.05479033424248001,0.005245038771520001
-0.05415229454328001,0.005303129192900001
-0.053571749724480006,0.005202509653490001
-0.05337128113680001,0.005289155406850001
-0.053254998288240006,0.00488773658284
-0.05320919542672001,0.00471648291505
-0.05344011446880001,0.004421557461450001
-0.05284353248056001,0.004726960433420001
-0.05198922296920001,0.004707819407230001
-0.051706812598480006,0.005391729268150001
-0.051928377902080006,0.005928626674430001
-0.051704076105840005,0.006005471194480001
-0.05168811496312001,0.006194259650870001
-0.05146150609824001,0.006001789652290001
-0.050805266606960005,0.006248349934510001
-0.050464124593440005,0.006222617201470001
-0.05019693593584001,0.006156932433970001
-0.04997350818432001,0.005972358423200001
-0.05004023811232001,0.005883944061050001
-0.050272397495760006,0.005546902798440001
-0.050528590318080005,0.005388286050780001
-0.05058768361704001,0.005547854200940001
-0.04963068920032001,0.005618400609640001
-0.048986677874960007,0.005530329725260001
-0.04837692863896001,0.005483768807270001
-0.04835886317528001,0.005310994759580001
-0.04815718530496001,0.0051432013350200005
-0.04830406371200001,0.004985637488040001
-0.04848209795000001,0.004823339394410001
-0.048837006666880005,0.004487800276540001
-0.04774801646360001,0.004381430092980001
-0.047715475736000004,0.004364003162230001
-0.04731422111680001,0.0040083309757700004
-0.047230865392000006,0.0037127871158500005
-0.047092872595360005,0.0035329374378500005
-0.047016570410080005,0.0035638591496800005
-0.047185047448720006,0.0034352927355400004
-0.047212755866320004,0.0032610213661400005
-0.046536859873600005,0.0034388572347500007
-0.04572850144032001,0.0036154500738900005
-0.045539199108480005,0.0035537484145300004
-0.045400947496960005,0.0035754846115200007
-0.045317658096720004,0.0032505649511100007
-0.045375682431280005,0.0032741003049000005
-0.04522849394560001,0.0031083588125400004
-0.045175305037280004,0.0030991953341500005
-0.04455300664832001,0.00425887715652
-0.04414672157216001,0.004691472135710001
-0.044332685557120007,0.004823154592330001
-0.043992619936960006,0.004826991147080001
-0.04352722979528001,0.004618109994170001
-0.04372733527440001,0.004428248437620001
-0.04330341328512001,0.004303080142440001
-0.04408681778448001,0.0041922910787
-0.044653600733440005,0.004183681088540001
-0.043749931396240005,0.004243316311030001
-0.04312409067800001,0.004016378983020001
-0.043139574070800005,0.003926203205330001
-0.042949720885280006,0.0036046228820100007
-0.042655863295280004,0.0032409905130900006
-0.042529895875760004,0.0032756698461400007
-0.04247671444560001,0.0031148586428400003
-0.04221064741568001,0.0028085395662000006
-0.04281506243672001,0.0026449186784700002
-0.04235457338192001,0.0026327732943800006
-0.04172820808712001,0.0025211120460600003
-0.04118176245256001,0.0025659037389100005
-0.041139730544640006,0.0025534368446800005
-0.041427443440960006,0.0025911308131500005
-0.04085691747760001,0.0023997466187100002
-0.040517869898800005,0.00225471288777
-0.040406758867280006,0.0019347290844800003
-0.040569693279360004,0.0018891642705800003
-0.03948791257128001,0.00205456091798
-0.03884921055544001,0.00198809076381
-0.03862245037944,0.0022428346807900003
-0.038545306576080005,0.0021319765607800004
-0.038508315824480006,0.00214039512021
-0.038550652545680006,0.0019998294376700003
-0.038216101202640004,0.0019904412538300003
-0.038407118119280007,0.0020635975490600005
-0.038331532438400005,0.0019879934673400004
-0.038077531496560006,0.0016800779241800002
-0.0373125742488,0.0018458516611000004
-0.03649069691456001,0.0018576409691200002
-0.036262039335120004,0.0017154284685800003
-0.03645030926664001,0.0017162209289400003
-0.036635947598480004,0.0015698736518000003
-0.03659572649936001,0.0017604692815800002
-0.036400927514160006,0.0013622602513300001
-0.036338141788240005,0.0013220440009300003
-0.036391327340160005,0.0015564653855800002
-0.03663569265040001,0.0021212541363800005
-0.036864064784400005,0.0025740041322200005
-0.03627523399376001,0.0030677062528900005
-0.03588367629392,0.0031773227720400003
-0.035717969678000006,0.0034290836465900006
-0.03508640581536,0.0034352576304900006
-0.03499854920176001,0.0032478815086400005
-0.03514803953752001,0.0033574720997900007
-0.034849100749440004,0.0034193450716300004
-0.03476125961800001,0.0033752590881700006
-0.03492035533656,0.0034011582672100007
-0.03484575791944001,0.0032767331515400006
-0.034842190892720004,0.0030570287571500005
-0.033730978295600005,0.0031991531724800005
-0.033512134176320006,0.0031837588981700007
-0.033537566004480004,0.0034568898335100005
-0.03320683183208001,0.0036708085513700007
-0.033049475331680005,0.0035969106238300007
-0.03309112641768001,0.0035771621022500006
-0.032936071684160004,0.0034163705230700007
-0.033017070159840005,0.0033318200340100006
-0.0330309214536,0.0033877290074400004
-0.03302068062256001,0.0035389068547100003
-0.03286353165888001,0.0033345818591000004
-0.03315880090736,0.0036723679238000006
-0.032447232902960005,0.00425174936051
-0.031922983006160005,0.004669167501420001
-0.031449819547600004,0.004710199402060001
-0.031221321166640004,0.0046223453438000005
-0.03133174895456001,0.004550412514890001
-0.03139562712024001,0.004292086466870001
-0.03143543713632001,0.004125374453870001
-0.0313259838228,0.004055739725490001
-0.031184531996160003,0.00417594515146
-0.03138265554208001,0.004118449957370001
-0.031053526505920005,0.004247194957800001
-0.030778464517920004,0.004508155537830001
-0.030203652203840005,0.004913320478470001
-0.029857258454400005,0.00499412244882
-0.029624158339440005,0.004912018567130001
-0.029606835830560004,0.004978282950760001
-0.029649938134800005,0.004804142540010001
-0.029498857370320004,0.004687854757960001
-0.029447696020480005,0.0045774306581300005
-0.029258975036160005,0.004352262140630001
-0.029623731570640004,0.00410771455136
-0.029384747992480004,0.003892662078840001
-0.029351097158560005,0.0038735310235500004
-0.029552666322480006,0.00406485419764
-0.029322690688480004,0.004180766302240001
-0.029366099860800004,0.003961109436570001
-0.028196861401040003,0.0038360712282100007
-0.027805212704800006,0.0038679870882000005
-0.027733386273520004,0.0037641430747000007
-0.027749217982400005,0.0037221655680800005
-0.027515439977920005,0.0034868894526000004
-0.027345229463200005,0.0035947261771600006
-0.027820047635120006,0.0034998361673900004
-0.027868546035680005,0.0035267723194000004
-0.027983712060240005,0.0033368222708300005
-0.027894526390720004,0.0032678105722900004
-0.027702083818240006,0.0031564754929100003
-0.027894605465280005,0.0033329429151100006
-0.027466224114960004,0.0031834761183600004
-0.027754873418960005,0.0030620401100200003
-0.026733985555680004,0.0032759656899200005
-0.026519007836800005,0.0035689677661000004
-0.026028302133760003,0.0037405064110400004
-0.025979442521040005,0.003938580390040001
-0.026271343140080006,0.0043036845132300005
-0.025930838301120005,0.004385847812900001
-0.025642788819840005,0.004478517760330001
-0.025658351548800005,0.00450532517074
-0.024910199957520005,0.00405978958875
-0.025173786517200005,0.004004976440260001
-0.025013871865440004,0.0037168179010000006
-0.024859299007280004,0.0039038757404700006
-0.024876814274640002,0.003877467504540001
-0.024721636962720003,0.00397619874495
-0.024760935383840003,0.004308066391500001
-0.023879797509680004,0.004797348752530001
-0.023992071565440004,0.004829470375720001
-0.024037689937600002,0.004819751764710001
-0.023162718938320004,0.004679759420800001
-0.023401016364720004,0.00472237497394
-0.023213026915040003,0.005058642958920001
-0.023588092022160004,0.005336374480150001
-0.023016495027440003,0.005357253527670001
-0.022732041675440004,0.005513847418300001
-0.022575752921600002,0.005642318141660001
-0.022741630960000002,0.0055720781263300006
-0.022937754938080004,0.005522368207500001
-0.022626913255600005,0.005383479280870001
-0.022533017805840005,0.005496032093600001
-0.022371636643280002,0.005653076263670001
-0.022560137945600002,0.005441000593010001
-0.022406511208240002,0.0054706633241700005
-0.022908345745200002,0.005363240154170001
-0.022173002459360002,0.005533789977320001
-0.021791297655280005,0.005795834603950001
-0.021433801458960004,0.005836438385540001
-0.021142952414000004,0.006010727504750001
-0.021082923814880004,0.0061575421540900005
-0.020642928790320002,0.006071453081070001
-0.020400666345680003,0.006129343562190001
-0.020326971167040003,0.006068085265160001
-0.020577936847120004,0.005909690610670001
-0.020563142816000003,0.005997697129670001
-0.020545198568640004,0.006071669944500001
-0.020081732773280004,0.006181132384070001
-0.019918753312720004,0.005993524039690001
-0.020281262035760004,0.006347502049020001
-0.020416975932640004,0.006366048341150001
-0.020390829698800003,0.006419139307610001
-0.020495426343200004,0.006427130998110001
-0.019874705201760004,0.006322817287650001
-0.020193026651360003,0.006236278253740001
-0.020296269233760003,0.006109385941910001
-0.020604840921440003,0.006268109749540001
-0.019470959884320002,0.006272988537600001
-0.019456130860000004,0.006758730574340001
-0.019308764266480004,0.006607769257630001
-0.0192560869816,0.006592365365930001
-0.018898961752480004,0.006472637867510001
-0.018627532097440003,0.006354270819170001
-0.018434681067040003,0.006252265814600001
-0.018004726481200002,0.006090768752680001
-0.018101265912080004,0.005879238876310001
-0.018374457165920004,0.006051635527860001
-0.017782958178080004,0.006050247222210001
-0.018260797339600003,0.006313604469650001
-0.017972851699520002,0.006298965582370001
-0.01785720752336,0.006034377564600001
-0.018262393197760005,0.005981594624180001
-0.018332495519920004,0.005996600951420001
-0.0181807419988,0.005828096232410001
-0.017954410167120002,0.005693078811430001
-0.01816455235224,0.005458967169050001
-0.017790012256800002,0.005961048848950001
-0.017913288976000002,0.005895190799400001
-0.018141159044800004,0.006103687933430001
-0.018149388598480004,0.006040450840640001
-0.017246357712560004,0.006464994950500001
-0.017068124926240002,0.006536131559370001
-0.016360227989440004,0.006556816606670001
-0.016105159808,0.006663026378400001
-0.015869533716960003,0.006637565811280001
-0.01591049501984,0.006460635080590001
-0.01567766330448,0.006503871464780001
-0.0156423537548,0.006531765202410001
-0.015338937058480002,0.006652408310750001
-0.015879988939840002,0.0068239843790000015
-0.01577514682264,0.007002452523030001
-0.015339595322960002,0.0069952259163700015
-0.01571114006328,0.007190848115580001
-0.015437337243280003,0.007299976782740001
-0.014948069721440003,0.007295119974570001
-0.015322754692400003,0.007570608080770001
-0.01571961391624,0.007517709352290001
-0.015205041873200003,0.007635144058120001
-0.015561202508160002,0.007888911423920002
-0.015564906160000003,0.007125330939650001
-0.015426116275600003,0.006661721271930001
-0.015349273284400002,0.006320096129920001
-0.015450165379440002,0.006109740697780001
-0.015377371223680002,0.006236844827590001
-0.015344543120240002,0.006300182317340001
-0.015323735808000002,0.006369341334080001
-0.015219275313520002,0.006840925051410001
-0.015659034339040003,0.007204306195810001
-0.015059631265680003,0.007037060763370001
-0.014223204438640003,0.007202346883380001
-0.013764335562800002,0.0073632842415600015
-0.013747992145680002,0.0073961989980100016
-0.013875796718160003,0.007357742693290001
-0.013518733846080003,0.007295127470120001
-0.013321664941760002,0.007334803161150001
-0.013394883222400003,0.007635559845730001
-0.012998276843440001,0.00782169140089
-0.012948559196560003,0.007962685001360001
-0.013777558418720002,0.008229438040180002
-0.013584245950480002,0.00822904971811
-0.013451584773520002,0.008252549929390002
-0.013402715460720003,0.008181023814170001
-0.013609365378480003,0.00834352871433
-0.013932922659520001,0.008363392873000001
-0.013649418308320001,0.008407963927050002
-0.013633469439040003,0.00832309416206
-0.013617677298320002,0.008077190005090001
-0.013295453396640003,0.007974754270140001
-0.013254616708800002,0.00808452516982
-0.013818167560880001,0.00793546059612
-0.014531113841760002,0.008106148426680001
-0.014514226396720002,0.007855927049950001
-0.014366681133360003,0.007676294174130001
-0.014200260859120002,0.007796201073150001
-0.014319744398000002,0.007865205654270001
-0.013760637321280002,0.007549254282520001
-0.013969259461840002,0.007406446906470001
-0.013853403911680003,0.007596668078290001
-0.014043697430160002,0.00789156301437
-0.014317658591600002,0.00834460651939
-0.014034331641520003,0.00856205138231
-0.013829125859120002,0.008557413427060002
-0.013010061048160002,0.008857215852500001
-0.012461814932880002,0.008954717216250001
-0.012250797610800002,0.00894310337406
-0.011769662007280001,0.008956067067000001
-0.011878598528160002,0.008873371683070001
-0.011926574144160002,0.008710912854450002
-0.012326438066960002,0.009053937993340002
-0.012654528892640002,0.009142531104830001
-0.012462497577440002,0.009271650060620001
-0.012338120573760002,0.009145896629220001
-0.012630797792880002,0.009265947423770002
-0.012660650357440002,0.009168791187380001
-0.012477246189280002,0.009036960701250001
-0.012157490592480003,0.008971487638120001
-0.011987178200400002,0.00911891212723
-0.012565371934400002,0.00920806492628
-0.012575057668800002,0.009269853695360002
-0.012171243133440002,0.009039296976440002
-0.012114117033280003,0.009156497319260002
-0.012200403816480002,0.009034771867150002
-0.012092449664160001,0.008834846832150002
-0.012278439567360001,0.008977438408970001
-0.011915763482000002,0.008762306923930001
-0.012072633447200002,0.008772796695150001
-0.012176025067040002,0.00784746162254
-0.011886230193680002,0.007484842449460002
-0.011586555723200002,0.0072939657619600015
-0.011532973663120002,0.007341518329280001
-0.011808456770720002,0.007595510458620001
-0.011953229393920002,0.0075746011296700015
-0.011863116372320001,0.007645196959530001
-0.012133762448000003,0.007582049533060001
-0.012110836552800002,0.0075053044313600015
-0.012036439082800002,0.007516646093110002
-0.012350875093760002,0.007527664590040001
-0.012557025591440002,0.007650089265320001
-0.012619740424640003,0.007801409167340001
-0.012897261555680002,0.008058701853780001
-0.011950910213120001,0.008126796247880002
-0.011624933146400002,0.008316474776620002
-0.011461938442880001,0.008420712255940002
-0.011082018456800001,0.00855255688099
-0.0108736068468,0.00857856479911
-0.010686012629840001,0.008526759571320002
-0.010930870285120001,0.008351407617540002
-0.010767384794240002,0.008332631057700001
-0.010868664789920001,0.008298240592470002
-0.010946588755680001,0.008550994270540001
-0.011071574228240002,0.008765226821220001
-0.010533719951520002,0.008599930436290001
-0.010929207542720002,0.008751063846590001
-0.011014648209840001,0.008756220302730001
-0.011038739362480001,0.00864746151774
-0.010603293752960001,0.008394788061120002
-0.010698810606320002,0.00870820592164
-0.010929982592480002,0.008934934885750001
-0.010028851886640001,0.008579527497270001
-0.010096883853120001,0.008512972848750001
-0.009858701266080001,0.008600256004810002
-0.010051041892640002,0.008635277480170001
-0.010748293088160001,0.008747089886960002
-0.010925188020960002,0.00868565467642
-0.010866162666160003,0.008738342635840002
-0.010934367682240001,0.008705218915170001
-0.010956879258480002,0.008507121392590002
-0.010833298057680001,0.008625921641510001
-0.010521269587440001,0.008737349062080001
-0.010793388611120001,0.008764678658860001
-0.010640927459600002,0.008695676654340002
-0.011061096912880002,0.008842436258860002
-0.011371918240880002,0.008938925020280002
-0.010983513648560001,0.008652166894460002
-0.011019675379200001,0.008541737525040002
-0.011012350536960001,0.008263434611020002
-0.010738220786960002,0.008370805586440001
-0.010630592119840002,0.00832857593207
-0.010736101660480002,0.008195409919890002
-0.010906924610640002,0.008062331825790001
-0.010764931928160002,0.007776720200730001
-0.010363687171520001,0.007648854403300001
-0.010013670494240002,0.007536083171310001
-0.009849944997120002,0.007815914270120001
-0.009509996685360001,0.0074518151392700014
-0.009501614285520002,0.007349857803760001
-0.009411895411200001,0.007649530900990001
-0.009299228001360002,0.007816469076510001
-0.009196168708160002,0.007948942945590001
-0.009140742450000001,0.008073606457920001
-0.008928162273520002,0.008021423953910001
-0.00909909154608,0.00794410013412
-0.009468327977040001,0.008108309253610002
-0.009153420246400002,0.00812572609729
-0.008987335658960002,0.007533294883630001
-0.00833376215128,0.006854779452740001
-0.008686097591120002,0.006697766542330001
-0.008908915621760001,0.006574391505120001
-0.008953309050800001,0.006323654511810001
-0.008757351044640002,0.006198464401590001
-0.008757226912400001,0.006060219770910001
-0.008602103916800002,0.005839468072140001
-0.00857407422128,0.005984815604330001
-0.008800641214000001,0.006204551835510001
-0.008798476869120001,0.006306354776640001
-0.008960578656080001,0.006292006228130001
-0.009154469748240001,0.006362346574340001
-0.008718906350640002,0.006132311922010001
-0.008713403279040001,0.006334570903330001
-0.008878689426560001,0.006654600613890001
-0.008998586129360001,0.006771360386670001
-0.008988338156080002,0.006840943046430001
-0.008775232850400001,0.007048912731330001
-0.008796328400800002,0.007060777093480001
-0.009104983265760001,0.006938684238230001
-0.00906666001712,0.006733899089370001
-0.008888567169760001,0.006955272453770001
-0.008977100812000002,0.006845892461180001
-0.008752235172480001,0.0067593289429400015
-0.008944002544,0.006824824322990001
-0.009135986022640001,0.006742424097590001
-0.009683648340640002,0.006719536266820001
-0.009887817194640002,0.006765034792840001
-0.009946693165840001,0.006696749198500001
-0.009840160548320001,0.006419043542610001
-0.00980779986,0.006362679028680001
-0.0100139989136,0.006341763492720001
-0.009669973039840001,0.006189009527710001
-0.009899191839440002,0.006532665032940001
-0.009694346874240001,0.006619587511790001
-0.009586857256000001,0.006757437261600001
-0.009497890996880002,0.006821238536860001
-0.009209498738560001,0.006798717418200001
-0.009195318547920002,0.006658184247110001
-0.008529122032960001,0.006854351003720001
-0.008050413408080001,0.007130539851680001
-0.007623687685760001,0.007402645151130001
-0.0077383724498400015,0.007549631446870001
-0.00784946034376,0.007644069514490001
-0.007997957608000001,0.007668221604330001
-0.007824401294640002,0.007647548601230001
-0.007795019762240001,0.0074514011510900015
-0.008306442834480001,0.0073263554141400015
-0.007459201423760001,0.007143186518770001
-0.007169206563440001,0.007010389705630001
-0.0075788661340800015,0.007212959833710001
-0.0075445820811200015,0.0076758683893100015
-0.007733529627440001,0.007713693501410001
-0.007211471142080001,0.0076989490443300015
-0.0076068641179200015,0.0076955467736200016
-0.007479145878240001,0.007590193781780001
-0.007091101491040001,0.007412284715030001
-0.0067818284819200015,0.0072014507192500014
-0.006674593616400001,0.006989353496940001
-0.006517494450400001,0.006782802962660001
-0.006471665774400001,0.006769056883570001
-0.006989374204240001,0.006805606082840001
-0.007264730740800001,0.006731686263380001
-0.006802919428960001,0.0067597087765300014
-0.007011422281920001,0.006867939413160001
-0.006971749009120001,0.006775048059120001
-0.007299370347760001,0.0070028521592100015
-0.007039143613280001,0.006661047269890001
-0.006730372494720001,0.006370600359910001
-0.006753709308960001,0.006187548423220001
-0.0070626394193600015,0.006394444325200001
-0.007000807888240001,0.006391945008570001
-0.006953309463440001,0.006486536845000001
-0.007071507613840001,0.006764559196740001
-0.007307470487120001,0.007113389599040001
-0.007220969230160001,0.007159135884730001
-0.006614186200000001,0.006852965917600001
-0.006346164848640001,0.006745673576550001
