6.0039869453,1.0039838776
-15.1910104784,-4.994313708
21.2313838834,8.387485713
8.657857246,2.3488760994
-34.7999946376,-14.807742332
13.6602316286,9.030638207700001
-4.8445358576,-3.4980080696
4.2410881504,2.9117166803
-2.0187752208000003,-1.6006746064000001
1.1262768453,0.9220609918
-0.6236150224,-0.5346740264000001
0.3349570337,0.3050198324
-0.1637928216,-0.1597025232
0.1187934663,0.1045642142
-0.0486913088,-0.0492750608
0.0384912242,0.0359311314
0.0046268366,-0.006056979200000001
0.0189028616,0.014650157300000001
-0.0000240296,-0.0005122848000000001
0.0191628581,0.012251421600000001
0.016006567,0.0073114365
0.012364012700000001,0.007166066600000001
0.0074689025,0.0052457281
0.012910176800000001,0.0077018152
0.021791898400000002,0.0106857481
0.0099672233,0.0051101314000000005
0.006989337500000001,0.0055098579
0.0127464896,0.0073876178
0.0181926062,0.009721467900000001
0.0081627305,0.004760458
0.0151091517,0.0089772228
0.012529994000000001,0.0064842915
0.020709723200000002,0.0104755053
0.0013993950000000001,0.0021276663
0.0142307275,0.0086955706
0.0181917839,0.0093882023
0.0067842431,0.0042438527
0.019355314000000002,0.010317358
0.0051977127,0.0037432027
0.0158932198,0.008942294600000001
0.0208111146,0.0099352668
0.0033378656,0.0027565736
0.0147976293,0.0086195826
0.0114548741,0.006712598100000001
0.009052825,0.0059057947000000005
0.0202800837,0.0105783266
0.012044908200000001,0.0058514527
0.0105751499,0.0065701049
0.0042160975,0.0040523178
0.0187003921,0.0102334596
0.019377245,0.0091158466
0.0071356034,0.0044195666
0.0122572397,0.0072664673
0.0131681439,0.007295938300000001
0.0125878677,0.0066704275
0.013769263700000001,0.0074894752
0.0056216838,0.0041139995
0.0143067381,0.0085437621
0.015258655000000001,0.0076544445000000004
0.0121823947,0.00704147
0.008751595000000001,0.0051768111
0.0161943612,0.0091331871
0.0062530029,0.0040015484
0.0159643017,0.009307725400000001
0.0101892665,0.0057615126
0.014101106300000001,0.008205889000000001
0.0126660461,0.0068615429
0.0142942856,0.007853741000000001
0.011916807500000001,0.0063373656
0.0106521558,0.00663412
0.0094448083,0.0059173976
0.0221308141,0.0107946102
0.0083992119,0.004599015000000001
0.0041317232,0.004081434
0.019199861500000002,0.0102657222
0.010326747,0.005751442
0.0137947772,0.007532946400000001
0.0131937431,0.0074631425000000005
0.0071536271000000005,0.0045392783
0.0173899656,0.0098706149
0.008088844900000001,0.0042905427
0.0194288019,0.0104677003
0.0034260729,0.0023938953
0.017985328000000002,0.0101207673
0.0103034936,0.0052674179
0.011696867100000001,0.007074777500000001
0.009690850800000001,0.0058281721
0.011974507,0.0071994686
0.0106038213,0.0066644208
0.0127600231,0.0074279629000000005
0.0184906608,0.009554581500000001
0.012687522500000001,0.0062893739
0.0093313023,0.0061506634
0.0065816435000000005,0.0048836876000000005
0.0196661282,0.010855891500000001
0.0121999176,0.0060980324
0.0143308718,0.0080707269
0.006750565,0.0045245704000000005
0.0158630971,0.0090173501
0.0122177598,0.0067218650000000005
0.0121835832,0.0071213849000000004
0.014443912,0.0080213022
0.012313145000000001,0.006809636500000001
0.015738490600000002,0.008410221800000001
0.0079080146,0.0052019434
0.0125922898,0.0074981543000000005
0.0193136406,0.0097552229
0.0065079148,0.0043152799
0.0126956835,0.0077779396
0.0145071396,0.0081933794
0.0120364557,0.0066850141
0.018480913,0.0094601841
0.004928935000000001,0.0038271268
0.0146961381,0.0084981734
0.0232586289,0.010803372200000001
0.0048940296000000005,0.0030255127
0.0098670969,0.0065277122
0.014212999700000001,0.0079175467
0.0086908132,0.0056893635
0.0147237128,0.008286053
0.0123525501,0.0072441372
0.011960305000000001,0.0068010127
0.0195440719,0.0100263916
0.0057954402,0.0039070277
0.0153487511,0.0085849893
0.014824008500000001,0.0077121267
0.0047467062,0.0038802849
0.0179627893,0.009874573900000001
0.0160241993,0.0078240472
0.0081616271,0.005254715300000001
0.0130445649,0.007225320800000001
0.014362281000000001,0.0078935592
0.0050295158,0.0038703608
0.0186481639,0.0101897705
0.0120441778,0.0062229338
0.006844524,0.0053608905
0.0123534414,0.0074980153
0.019804796200000002,0.010215545500000001
0.0116628565,0.0060345766
0.0098070694,0.0063274133
0.0082422944,0.005811314000000001
0.0178946753,0.0097906634
0.0183734807,0.008983029200000001
0.0111467504,0.0060453912
0.0089063573,0.005986852
0.011917971900000001,0.0071085288000000005
0.0187325394,0.0095364105
0.0097936454,0.0055053029
0.0099860346,0.006392000300000001
0.0124097758,0.0075273587
0.015265494000000001,0.0080178598
0.0202282293,0.009645983700000001
0.0059212928,0.0035770781
0.0112408631,0.0068446704
0.0139749561,0.0076255061
0.0085821756,0.0052690493
0.0140208554,0.007959212
0.0086146958,0.0056117825
0.014314051500000001,0.008044577800000001
0.0175150924,0.008892242100000001
0.0014750597000000002,0.0027186983
0.0145176728,0.0089175516
0.0230864237,0.0110898646
0.0104529839,0.0050150967
0.011175697,0.0066565667
0.0099389846,0.0055737873
0.0135406814,0.0078020749
0.0045526611,0.003853027
0.0163501404,0.009532282
0.0137947367,0.007323930100000001
0.012924893,0.0071727377
0.0144243096,0.0076588951
0.008519314200000001,0.0053937199
0.0131159844,0.0077147923
0.0155841051,0.0081239907
0.0095353654,0.0058164383
0.0090263328,0.0061711767
0.017316081,0.0092313671
0.014907741700000001,0.0077447832
0.0086009656,0.0055136865
0.0127537377,0.0076535364
0.0140167534,0.0077468397
0.0171233664,0.008557985
0.011314907800000001,0.0062616393
0.0061724498,0.0044833752000000004
0.0177364071,0.0096875629
0.0123328381,0.0063489525
0.0105935648,0.0067155443
0.0101004723,0.0060414613
0.0190292029,0.0100327837
0.007214245100000001,0.004538515
0.0123907453,0.0076444828000000005
0.0153974138,0.008305019700000001
0.0090452462,0.0058614784
0.0130171,0.0077611879
0.0186983316,0.0095005132
0.0148909604,0.0073112524
0.006460188600000001,0.0047136723
0.011623381200000001,0.0071029811
0.0188429603,0.0098512302
0.0067139712,0.0043983671
0.0159443132,0.0089833783
0.0161171889,0.0080858019
0.008299851,0.0051009587
0.012378117000000001,0.007344976600000001
0.0099646379,0.006362426
0.0155775849,0.0084654313
0.0209487815,0.0100932661
0.0082971871,0.0043931179
0.0080205283,0.0058045939
0.0072324603,0.0054655833
0.017673353200000002,0.0096999543
0.0175587662,0.008574331400000001
0.011758001300000001,0.0061621701
0.0088971562,0.005893315200000001
0.00942422,0.0059913035000000005
0.020993511,0.010603749800000001
0.0089760799,0.0047588039000000006
0.008835122,0.0060962080000000005
0.0131277053,0.0074229086
0.0165236316,0.0086021728
0.0097077119,0.0055121446
0.008274867,0.0057138601
0.016835486400000002,0.0087247807
0.014742607500000001,0.0075921021
0.0046922335,0.0038031319000000003
0.0160016474,0.0090277152
0.0128466664,0.0069399915
0.009432315200000001,0.0058056058
0.0130680763,0.0078311202
0.0080056897,0.0054001517
0.0173996509,0.0096634171
0.0134587996,0.0071087055000000005
0.0161221749,0.0082377202
0.015046774,0.0074236448
0.0036546593000000003,0.0032615255
0.0097810211,0.0069363767
0.0185128354,0.0095587103
0.016853007700000002,0.0082628676
0.0052140285000000005,0.0040041887
0.0111260895,0.0071029330000000005
0.0168753264,0.0089156423
0.0117528595,0.0062824604
0.0097425337,0.0064708974
0.010052784,0.0062667614
0.021435228400000002,0.0108966332
0.008995202400000001,0.0048579591
0.0087192876,0.0062724111
0.0163832393,0.00866459
0.0177012435,0.0087796119
0.0067668002,0.0043920868
0.010951845600000001,0.007078528000000001
0.0186631702,0.009249744
0.010739049,0.0060246173
0.003966403,0.0037752675000000003
0.0221977992,0.0111723939
0.012731899500000001,0.0062394388
0.0042589967,0.0037071293
0.0180677929,0.0097065567
0.0109527549,0.0057598587
0.007371599800000001,0.005276536300000001
0.0124319814,0.0074429990000000005
0.0169590415,0.0086904753
0.011180688000000001,0.006260803200000001
0.0050845773,0.0043743783000000005
0.0199432429,0.0102210103
0.014359972,0.007131207400000001
0.00496339,0.0035743862
0.014555202900000001,0.0086142423
0.0053176275,0.0042124905
0.0182067817,0.0101725242
0.0191389324,0.009076887300000001
0.0079625522,0.0046807643
0.006966432900000001,0.0054204756
0.012269970600000001,0.007486500300000001
0.0194185804,0.0098405229
0.011205153800000001,0.005888140300000001
0.0100785723,0.0062486798
0.0136123057,0.0075930025
0.0128959526,0.0072179322
0.0102508518,0.0061592276
0.0147049074,0.0079431672
0.0115487243,0.0066708786
0.0081399894,0.0054903467
0.017058326000000002,0.0095461308
0.0109089074,0.0061780553000000005
0.0144937556,0.0082644043
0.0107644526,0.0063008503
0.0144743661,0.0080811358
0.0154344059,0.008115491800000001
0.0086527164,0.005463315
0.0125080455,0.007659115
0.018559334900000002,0.009277838200000001
0.0151111859,0.0075024222
0.0034273134,0.0035576986
0.0129066179,0.007939103
0.0236125753,0.0111584332
0.008872149000000001,0.004541295
0.004576599,0.0042710454
0.0133388438,0.0081162082
0.017374933500000002,0.0087740513
0.0142225956,0.007351526000000001
0.008634961600000001,0.005182541000000001
0.0083101474,0.0060830832000000005
0.013702985,0.0077807752
0.021957085100000003,0.010712665
0.0045488552,0.0033030777
0.0092953049,0.0064480794
0.0211353098,0.010436974100000001
0.008523552700000001,0.0049116081
0.008338433400000001,0.0056913194
0.0202191377,0.0100991603
0.009061675,0.0050949017000000004
0.0050251635,0.0046674098
0.019541532,0.010191693200000001
0.0163166167,0.007980944
0.0009968319,0.0024262858
0.0154324957,0.0090652259
0.0208062387,0.0097605173
0.007990249500000001,0.0044626525
0.0084673058,0.0057049434
0.0121091576,0.0072377768
0.0178463864,0.0088326178
0.0105829704,0.0060666358
0.0015250094,0.0028517354
0.0220883955,0.011671207400000001
0.0096332349,0.005403050600000001
0.0076565102,0.005653794
0.0197768216,0.0104300346
0.0123534452,0.0063184438
0.0099444426,0.0062751719
0.011832341100000001,0.006746414
0.019343025,0.0095783449
0.010492188500000001,0.005474971800000001
0.005967909600000001,0.0045850526
0.0115494741,0.0073720049000000005
0.015291242200000001,0.0081672536
0.0187487598,0.0090279159
0.006614188,0.0042961416
0.0030558569,0.0039740468000000004
0.022038920700000002,0.0114168254
0.0179397246,0.0081618048
0.0064954175000000005,0.0040529534
0.0069236744000000005,0.0053343766
0.0110753666,0.0069609887
0.0209280794,0.0101489195
0.0118640375,0.0060846884000000006
0.0035299494000000002,0.0033361053000000003
0.014301724,0.0087205906
0.009571850100000001,0.0058552357
0.0190872739,0.0098680616
0.0141968292,0.0068708630000000005
0.0051068182,0.0040342728000000005
0.0097723818,0.0067534348
0.0202596703,0.0100228408
0.0123888185,0.0066670092
-0.0005436272,0.0021606556000000002
0.023220415600000002,0.0123201483
0.0175633725,0.0078515013
0.0061435801000000005,0.0041079247000000004
0.0103667687,0.006558944200000001
0.0134714223,0.0075114917
0.013292012,0.007161400300000001
0.0116454473,0.0066747356
0.006993135300000001,0.0050356534
0.0165458679,0.009089277
0.0151868647,0.007749681400000001
0.0078042142,0.0050884068000000005
0.0139346216,0.007809901
0.0102659152,0.0064583727
0.011917973600000001,0.0067300664
0.021050911000000002,0.0105583239
0.0045991474,0.0028082982
0.013584786900000001,0.008340153
0.0117106818,0.0062066078000000005
0.016504956600000002,0.008739377500000001
0.0095658274,0.005270085900000001
0.0097560791,0.0061692150000000005
0.0108297845,0.006624095700000001
0.0109066718,0.006812636800000001
0.0168575372,0.008772846400000001
0.009688757000000001,0.0060588877000000005
0.0070624228,0.0052790238
0.019515096500000002,0.010688330400000001
0.012605802000000001,0.006486809400000001
0.0155030076,0.0085600969
0.0070859065,0.00475889
0.015352598600000001,0.0087142108
0.0200564571,0.0094911557
0.007407271700000001,0.0045263063000000004
0.0063475218,0.0051508367000000005
0.0158435253,0.008988643900000001
0.013189049500000001,0.0074064396
0.0131812024,0.007426045
0.0187065074,0.0094866162
0.0111703796,0.005846268700000001
0.007772527800000001,0.0055417882
0.0127695636,0.0073344921
0.0185302392,0.009577308
0.007439237600000001,0.0044294122
0.014774248600000001,0.0084704651
0.013566266,0.0069548698
0.011026292,0.0066465363
0.0106318413,0.006069981800000001
0.0167434737,0.008874691
0.0065400196,0.0041303832000000006
0.0108778898,0.0072531258
0.0159958072,0.0082124875
0.0140037992,0.0077729764
0.0043932817,0.0037443549
0.0197877869,0.0108287227
0.0110729356,0.0060062823000000005
0.0114736206,0.0069081936
0.0164118657,0.0086187261
0.0103605967,0.0058177961000000005
0.011578592300000001,0.0070126248000000006
0.015865281000000002,0.0079942901
0.012179881200000001,0.0069681759
0.0046647892,0.0039189531
0.0185324317,0.0105273146
0.0105178313,0.0056208133
0.0188790534,0.0097273042
0.0095193011,0.005217045500000001
0.0049658818,0.0045571605
0.0190900461,0.0101486822
0.0142731404,0.0072337698
0.0099432701,0.0057544301
0.0123596214,0.007428225100000001
0.0081806801,0.005351383
0.0168456152,0.0094657239
0.013844667500000001,0.006986099
0.0162669612,0.0083496879
0.007928061200000001,0.004717480400000001
0.0092281858,0.0062069931000000005
0.011618601400000001,0.0070991791
0.0171640902,0.008723376
0.0134136281,0.007275731400000001
0.0035967691,0.0033840269
0.0222984782,0.011542321500000001
0.0096181813,0.0051222217
0.0057968983000000005,0.0049352519
0.019456831900000002,0.0101436935
0.0122456705,0.0066148422
0.0073314848,0.0051635555
0.016716781400000002,0.0092757931
0.009553799200000001,0.005907852900000001
0.0139449189,0.0079580851
0.019985954900000002,0.0098557919
0.0056786223,0.0038620368
0.0115253199,0.007273429400000001
0.0165948178,0.0088929427
0.0116636984,0.006332866
0.0140032357,0.0081137447
0.007508721800000001,0.0049670445
0.0202750443,0.010602684900000001
0.014646039000000001,0.006935157700000001
0.007449268100000001,0.0048608316000000006
0.010510385,0.006507999
0.0147428291,0.0080490165
0.008827353,0.0057172957000000005
0.0139175557,0.007867208300000001
0.0207544053,0.0100066951
0.0065591372000000005,0.0038636836000000003
0.0080225381,0.005688465
0.0117407789,0.0073879553
0.0127240943,0.0072466481
0.0210877903,0.010492772000000001
0.0038531517,0.0032219948
0.0105014055,0.0071772309000000005
0.0219765645,0.0109571085
0.008907422600000001,0.005010846
0.011575516000000001,0.0069308595
0.0175168493,0.008780332
0.0084070043,0.0049772325000000004
0.0135093565,0.007378643900000001
0.014466891300000001,0.0076574709
0.0051427889000000004,0.0037438999
0.0148988439,0.008680274
0.0097769361,0.0057231879
0.0112970293,0.007200974200000001
0.014567438700000001,0.0078998824
0.018907274,0.00928149
0.0064278201,0.004374505
0.007141719,0.0054037561000000005
0.021044661,0.0109025878
0.0081194547,0.0048395983
0.014061528700000001,0.0079413443
0.0152449794,0.0081610389
0.005462026,0.0041542118
0.019281005900000002,0.0103710767
0.0109078011,0.0059405025
0.009728142,0.0061988351
0.0165988221,0.0087545388
0.0091224426,0.005591118
0.01240422,0.007221306
0.0194239004,0.009583402100000001
0.0073111546000000005,0.004577238500000001
0.0082981241,0.0059387220000000004
0.0172327288,0.0094010938
0.0140279697,0.007222272
0.0132122668,0.0071718631
0.0053234368,0.0045226538
0.0161012741,0.0087905783
0.021597881700000002,0.0104484845
-0.000399384,0.0012820231
0.0155526568,0.0093800132
0.015777246300000002,0.0081157743
0.0112409408,0.0063097134
0.0168774366,0.0087801636
0.0088252091,0.0048907964
0.0128887915,0.0074022295
0.0106998609,0.006082179300000001
0.010854569100000001,0.0065088793
0.0138592933,0.0075113034000000006
0.013789487900000001,0.007197213500000001
0.0090606733,0.0057152141
0.0061818647,0.0050490963
0.0168578534,0.0094564956
0.015456099800000001,0.007971031600000001
0.0093011055,0.0057938446000000005
0.0145223081,0.0081207043
0.011132599200000001,0.0067009057
0.011219804100000001,0.0066391462
0.0180846975,0.0096583417
0.0095694977,0.005318968800000001
0.0178842865,0.009328440700000001
0.0083792889,0.0050218275
0.0090530472,0.0060078869
0.016778392700000002,0.009198277500000001
0.0086111109,0.0052092462
0.018398501,0.009583475000000001
0.008857917,0.0054523501
0.0069770871,0.0053324705
0.0227985094,0.011798104
0.010781698900000001,0.0054099079
0.0088118915,0.0063125555
0.0116535356,0.0068432209
0.0230097534,0.011296674500000001
0.0090675188,0.0047221714
0.0081513486,0.0057307836
0.0158720859,0.0085013543
0.012462995800000001,0.0067815285
0.0127568132,0.0069251488
0.0099481403,0.0062980271
0.0100853816,0.006025633
0.0184839264,0.0098072789
0.00213965,0.0027519241000000002
0.0178934044,0.0100607627
0.0233889189,0.0106576288
0.0012158438000000001,0.0019839706
0.008672978,0.006566565700000001
0.0207399075,0.010752344700000001
0.012818790200000001,0.0063789158
0.0108565506,0.0065177337
0.0075092678,0.0051937611
0.0188838424,0.0098940246
0.013096724,0.0069618423
0.0107122432,0.0059420015
0.015059953400000001,0.0085010707
0.0062921351,0.0038585039
0.0182160271,0.0101841055
0.0027944980000000003,0.0025267585
0.017659076,0.0102781845
0.0150450867,0.0073083428
0.0094076193,0.0061410742
0.0127416825,0.007074228100000001
0.0203431058,0.010046116400000001
0.0028258222,0.0027127937
0.0086867201,0.0064467859
0.0219843388,0.011013309300000001
0.0086528322,0.005043171
0.0107026245,0.0066858087
0.0164163066,0.0089918555
0.0113477435,0.006090315
0.0173932698,0.009210746
0.0058065736,0.0038221435000000002
0.014078279300000001,0.0083716251
0.012440446800000001,0.006740199400000001
0.0115175849,0.0070378425000000005
0.0146704387,0.007732716200000001
0.0158300444,0.008153551
0.0081963691,0.004770473
0.0124958864,0.0073476961
0.009997040700000001,0.005944584100000001
0.0157513465,0.0083026365
0.012669044800000001,0.0068326226
0.0089869009,0.0053383428000000005
0.0130641638,0.007709627300000001
0.008171664700000001,0.0050924783
0.018350094100000002,0.0096761213
0.0069484907000000005,0.0044818112000000005
0.008537027,0.0061037516
0.0213458804,0.010623209100000001
0.0124908586,0.0061381161
0.0067526167,0.0045861434
0.0120885173,0.0072933128
0.007944863,0.0056252688
0.0151824952,0.008647242000000001
0.018303228300000002,0.009318593200000001
0.0064956755,0.0044038603
0.0158002909,0.008776375500000001
0.0112652324,0.0065036283000000005
0.0106873984,0.0063266111
0.0220116685,0.0108004048
0.0036175767,0.0028433118
0.0103356358,0.006978225
0.022115135100000002,0.0108455468
0.0063907281000000005,0.0040948416
0.007542559900000001,0.0059384918
0.016886192300000002,0.0093774971
0.013917544300000001,0.007588367800000001
0.012134515,0.0069312475
0.0169254418,0.0087657364
0.0135887165,0.0068474402
0.0088727509,0.005567972500000001
0.0136345023,0.0073108894
0.015264221,0.0081749806
0.0051534587,0.0036618873
0.0160823945,0.009265948500000001
0.008195068,0.0050758349
0.0163900614,0.008953634700000001
0.0115091703,0.0066952201000000005
0.0080284235,0.0051857236
0.0228618797,0.0115188213
0.0064715319,0.0035297155000000003
0.0106114759,0.0071211838
0.0143796372,0.0074886012
0.0119803205,0.0070721152
0.0073528901,0.0049130875
0.020040257500000002,0.010541297600000001
0.0118538726,0.0058162146
0.0115495644,0.006766134300000001
0.0061522218000000005,0.0047285135
0.013690310800000001,0.00826202
0.016654554800000002,0.0088203173
0.0094148196,0.0055952691
0.0176265853,0.009160549
0.0121838232,0.0063852075
0.0080581327,0.0051981164
0.0145709344,0.0082487906
0.013571179000000001,0.0068221152
0.0116264439,0.0068274742
0.0031399806000000003,0.0034678738
0.0197928393,0.0109456389
0.0122073861,0.0065399706
0.012006803600000001,0.0069545055
0.018053412600000002,0.0090780591
0.0063847973,0.0042908161
0.0069055862,0.0057041145
0.0168693317,0.0094592558
0.0183112835,0.0091740065
0.0113591312,0.0062193796
0.011951634400000001,0.0069648671
0.014820402,0.0076906435
0.011506773500000001,0.006692381900000001
0.0065390301,0.0047910176
0.019925568,0.0105485691
0.0108641416,0.0057629674
0.0105941447,0.0064965475
0.013999594,0.0079004982
0.0114739587,0.0065556438
0.0166803352,0.0087107252
0.0066267463,0.0047539666
0.0104134961,0.0066554182
0.0207388441,0.0110045627
0.008914605,0.0046240695
0.020071286600000002,0.0104398391
0.0049015396,0.0030354666000000003
0.011726597200000001,0.0075417925
0.0121281253,0.0069715561
0.018166332900000002,0.0089569374
0.012534724700000001,0.0067728725
0.0012782271,0.0025271955
0.0194386873,0.0111017323
0.0133156383,0.0064430141
0.0151799705,0.0083003147
0.0078081436,0.0044691568000000004
0.0162219446,0.0088637002
0.0093188469,0.0051355397
0.0102076881,0.0065250368
0.0101707696,0.006315904000000001
0.0141424857,0.007906126
0.0172450359,0.008432189
0.009982482800000001,0.0056115019
0.0063888629,0.0047490672
0.0124123566,0.0077953536
0.012278918100000001,0.007073664
0.0173020809,0.0090895218
0.0092724134,0.0055939845
0.010747887400000001,0.0067258539
0.0168437474,0.0091039443
0.014689981900000001,0.0071800121
0.0142961978,0.0074975345
0.0031474178000000003,0.0029438884
0.012927102900000001,0.008198209
0.0162457341,0.0082021915
0.0166763076,0.008496426500000001
0.0043141028000000005,0.0036158998
0.0160121417,0.008752887800000001
0.0158629008,0.0081278768
0.0016647891,0.0023619897
0.0206351196,0.0110400807
0.011842093100000001,0.0057752066
0.0070883517,0.0049994489
0.0163724923,0.0085627136
0.0104877614,0.0060152742
0.003072776,0.0037385074
0.018741384700000002,0.010331799000000001
0.0163474506,0.0080515859
0.0062393291000000005,0.0045443733000000005
0.0112778818,0.0072454400000000006
0.0178348564,0.0091997837
0.0156810831,0.0076923713000000005
0.0070630713,0.0047758429000000005
0.0126641692,0.0071928498000000006
0.0180955431,0.009190794700000001
0.0035391166000000003,0.002929588
0.0129913444,0.0081976602
0.0163123383,0.0080898302
0.015138673600000001,0.0078673966
0.0045925198,0.0036612881
0.0151384293,0.008637087600000001
0.0132223711,0.0071116147
0.0072948252000000005,0.0050057035
0.0168211631,0.008965622900000001
0.012581720000000001,0.0066799293
0.009479178900000001,0.0056626016
0.0116236172,0.0072108679
0.0133625528,0.007035327
0.0166484862,0.0090044836
0.0018226048,0.0024348302
0.0187029425,0.010658757100000001
0.013743937500000001,0.0069409992
0.0135507436,0.0071767051
0.0100018468,0.0061131359
0.0050104893000000005,0.0043016863
0.024070126100000002,0.0120667519
0.0089006997,0.004744287
0.0069582292,0.0051549801000000004
0.0176315111,0.0096146824
0.013020720900000001,0.0064621288
0.0142615747,0.0078731175
0.0052945447,0.0037287599
0.014682526100000001,0.0088855579
0.009472109000000001,0.005534896
0.0192616522,0.0101636963
0.009843393800000001,0.0052536183
0.0104444366,0.0064473851
0.0129459087,0.0074094635
0.0090132664,0.0058167186000000004
0.0130359859,0.007921636000000001
0.0159874911,0.0082726806
0.0166738534,0.0083802272
0.0087743349,0.0049869234
0.0126923035,0.0073441109
0.010979356800000001,0.0063360022
0.010739910600000001,0.0065369807
0.0144890711,0.0078856926
0.012332549100000001,0.006771820400000001
0.0119449151,0.0067184834
0.010412906100000001,0.0063871559
0.010163825500000001,0.006267394
0.0189993142,0.009698597100000001
0.0102136247,0.0055130825000000005
0.0075714281,0.0053576826
0.0120247387,0.007647059
0.0134584612,0.007587753300000001
0.015494789,0.0085946903
0.010069108700000001,0.005888325
0.0159771238,0.008930786100000001
0.0136838186,0.0069419277
0.0149759174,0.0081433266
0.0076908275000000005,0.0047023468
0.0164066411,0.0090404466
0.0083716191,0.0051237494000000005
0.0095586416,0.006530906600000001
0.0169563742,0.0091685807
0.0157760813,0.0080137959
0.0115008009,0.0065150619
0.0113265673,0.0064727642
0.0115443122,0.0070608118000000004
0.011686161700000001,0.0064690659
0.0174470011,0.0093836065
0.0067989295,0.0041313836
0.0149428731,0.0088714371
0.012678717800000001,0.0065316893
0.0155271385,0.0084337895
0.0045303845,0.0037166687
0.0144839224,0.008728943900000001
0.020070711800000002,0.0095218507
0.0120970711,0.0061783997
0.0058273102000000005,0.0043693287
0.0121500606,0.0075118303
0.0123022049,0.0073703479
0.013094486300000001,0.0075347694
0.0149951287,0.0082281404
0.012083205500000001,0.0065893701
0.014602934500000001,0.0079950439
0.0111658038,0.006244914
0.0155835321,0.008240265600000001
0.0076021989,0.0051543015
0.007994629,0.0057092488
0.0255576609,0.0124111636
0.0070180866,0.0039896607
0.0042387465000000004,0.0045499656
0.0221265694,0.011481305800000001
0.0128720165,0.0064708082
0.008230469,0.0054997824
0.0134242692,0.0077873432000000005
0.0167008415,0.0082332295
0.012311060700000001,0.0068041022
0.0033560248000000003,0.0034138183
0.0180392378,0.010300646600000001
0.0112715452,0.0062386287
0.0153453904,0.0084742085
0.016883561000000002,0.0083187947
0.008497016,0.0051769328
0.008995415500000001,0.0059650173
0.0157334525,0.0086974705
0.015105194,0.007529057400000001
0.0112721376,0.0065484344
0.0083502391,0.0052756115
0.0143473544,0.0084707719
0.0108103242,0.0058823955
0.017221033400000002,0.0094851415
0.0074037951,0.0042690919
0.016063871400000002,0.0093501222
0.0055826348,0.0040027658
0.0190680542,0.0104527239
0.014507413700000001,0.0069906532
0.0075885937,0.0052217531000000005
0.0127244546,0.0073972645
0.0144647535,0.008104522000000001
0.0097653915,0.0058021452
0.0164639514,0.009095082
0.0143012882,0.0070298861
0.0114037867,0.006770927
0.0060683842000000005,0.0044637691
0.0189120077,0.0102056474
0.0111659007,0.0058698036
0.010761882,0.0067004087
0.0131232627,0.0073004775
0.0161101708,0.0082774666
0.0121435339,0.006362617
0.007251080500000001,0.004944726500000001
0.010984247800000001,0.0069334779
0.0170830358,0.008765808
0.010601888200000001,0.0063600288000000005
0.0077067828,0.00529201
0.02050925,0.010758175200000001
0.0080054407,0.0045599469
0.0117898914,0.0072720245
0.0179307338,0.0087580021
0.0101236838,0.0056880435
0.006159063,0.0047152652
0.0153578242,0.0088087772
0.0155167449,0.0078951824
0.0084447428,0.0056177169
0.0098291778,0.0062598501
0.020841296800000002,0.010660807900000001
0.0085082751,0.0045965245
0.0127850988,0.007642360900000001
0.0107312184,0.0062328579
0.0119010997,0.0072896464000000005
0.0140257283,0.0077521422
0.0173684008,0.0086160256
0.0083961695,0.005233731
0.0045384577,0.0043432993
0.0212964253,0.0112223948
0.0173734568,0.0078227149
0.0096361439,0.005543152500000001
0.0049730873,0.0041896368
0.0133699892,0.008129223
0.0176129363,0.0086377435
0.0103770106,0.0061403281
0.0071802456,0.0050002997
0.0204684359,0.010741238200000001
0.0088232011,0.0048340533
0.0095331879,0.0065242081000000006
0.012582144600000001,0.0072902041
0.0175751398,0.0091348776
0.008182743400000001,0.005203731200000001
0.0136181211,0.0075636685000000006
0.0185530478,0.0094420114
0.0028849677000000002,0.002691615
0.0163681336,0.009469024
0.0141209652,0.007175107
0.0120001119,0.0068525520000000005
0.015258756200000001,0.007661887300000001
0.0120057151,0.0065791953
0.0040236321000000005,0.0036558548000000003
0.0134845842,0.0083957849
0.014361232600000001,0.0075909256
0.013321912200000001,0.0077195798
0.007822542600000001,0.0051584372
0.0195803095,0.010234830700000001
0.0120192236,0.0061431502
0.0059328636,0.004938486000000001
0.0144499758,0.0081513161
0.0216821767,0.0104966294
0.0036101397000000003,0.0029924532
0.0109212521,0.0072581258
0.0204759334,0.0102901003
0.0095944023,0.005147538100000001
0.011554055,0.0070920872000000005
0.0141994806,0.0072467085
0.0156884966,0.0081079659
0.0051915023,0.0036332562
0.010561985500000001,0.0071078277
0.0164826198,0.008513910900000001
0.0143187472,0.0076593386
0.005533428700000001,0.0040872146
0.0137263142,0.008347889800000001
0.0139698298,0.0073350333
0.0113041253,0.0069853707
0.0123797019,0.006817511500000001
0.0167816966,0.00909162
0.008167769,0.0046435381000000005
0.014594772,0.0088302652
0.008912074400000001,0.004996983
0.0205102985,0.0108342512
0.0066803005,0.0036261683
0.0158942566,0.0088957515
0.0089673687,0.0052441999000000005
0.0093041349,0.0063107738
0.0192135365,0.009693583700000001
0.0098705175,0.0057014541
0.0079406119,0.005299194100000001
0.0150854518,0.008967947700000001
0.010238896800000001,0.0056897589
0.0220367892,0.0111790563
0.004429801000000001,0.002930677
0.0114653997,0.0076790554
0.014204531400000001,0.007895863500000001
0.0133751124,0.007512613600000001
0.015904738,0.008332068100000001
0.008395554500000001,0.0054562144
0.0132296483,0.0077278176
0.0186385949,0.0094523253
0.010207322100000001,0.0054564486
0.0117683779,0.0068811347
0.009084669600000001,0.005626812100000001
0.014248704800000001,0.0080955668
0.0135749011,0.0075148282
0.0121317022,0.006877899
0.016414573300000002,0.0085036554
0.0065160799,0.0045721077
0.0127632599,0.0072770112
0.0184767453,0.009610919400000001
0.0036425704,0.0029483723
0.0190855762,0.0105839984
0.0095038247,0.0052457088
0.0150902282,0.0081220192
0.0114104982,0.0065701926
0.0034619620000000003,0.0037666088
0.022240074500000002,0.0117337454
0.0134445957,0.006572264600000001
0.007097498,0.0050555214000000005
0.0156783135,0.0085364328
0.0117162937,0.0066827692
0.011684359600000001,0.0065835503
0.0186734735,0.0095732387
0.0063680218,0.0039539471
0.012669377800000001,0.0077157465000000005
0.0101210824,0.006263611400000001
0.0120737156,0.0072393913
0.014417939900000001,0.008302592900000001
0.0129785852,0.0069772315
0.0198671238,0.0099962338
0.0050730095000000005,0.0034699691000000003
0.016070049,0.0088208394
0.0141031049,0.0073542482
0.0057619124,0.0039804609
0.0178564485,0.0098457923
0.0071147813,0.0042281119
0.016288520100000002,0.0090862375
0.0133959374,0.0065994222
0.0085049322,0.0055840219000000005
0.0097969996,0.0062061428
0.0145105917,0.008287544
0.010312819800000001,0.006156328500000001
0.014167136,0.0081331072
0.013313560700000001,0.0072281072
0.0107762419,0.006650685900000001
0.014454717700000001,0.0077190385
0.016166596800000002,0.0085103986
0.0038224829,0.0033892016000000003
0.0194943677,0.010443687600000001
0.0089928925,0.0054937307
0.0071232784,0.0053631562
0.026092131,0.0129325202
0.0119328483,0.0051855265
0.008588099200000001,0.0057147183
0.007933850400000001,0.0051212886
0.017711855500000002,0.0096805039
0.0074608571,0.0047164863
0.0122652487,0.0076268251
0.0162640605,0.0084683436
0.0086727786,0.0057073933
0.0135505005,0.0075851247
0.023168706,0.0110142665
0.0053240947,0.0030586002
0.0099101807,0.0065753243
0.0128210305,0.0070860714
0.0115592444,0.0066482293
0.011961671,0.0068019408000000005
0.0108292219,0.0066206972
0.0162615137,0.008295519
0.0133224432,0.0071810346
0.0038514697,0.0033924524
0.0198743959,0.0106259495
0.0071189643,0.0044763273
0.009478019800000001,0.0063401255
0.0223716932,0.0110903428
0.0048753175,0.0033904173000000003
0.0116896002,0.007318259000000001
0.0176378921,0.009130594
0.0075614851,0.0046773187
0.0119082178,0.0075403685
0.0152011618,0.0079553512
0.0174197778,0.008738952
0.0050457069,0.0037028306
0.0105009518,0.006947856400000001
0.0181976961,0.0093665817
0.010808352200000001,0.0059821166
0.0099994303,0.0062087243
0.0143341787,0.0080411861
0.0114443368,0.0065499678000000006
0.016149046900000002,0.0083305173
0.0120200587,0.0066472284
0.0029772664000000003,0.0033926972
0.0178649491,0.010192157
0.015426492,0.007742404600000001
0.0137248121,0.0073639695
0.010884391200000001,0.0061839559
0.0098549925,0.0061984621000000005
0.0129793062,0.0074301313
0.0165013376,0.008426308700000001
0.0126043677,0.0066024177
0.007865041100000001,0.0050572319000000004
0.0115380212,0.007138516100000001
0.0133085977,0.0073552023000000005
0.0114247684,0.0070067434
0.0123327504,0.0068318956
0.0177537158,0.0093047971
0.0062072482,0.0038048549
0.0150318068,0.008735096900000001
0.0078348525,0.0049288927000000005
0.0175058646,0.0093464598
0.0147809884,0.0074157623
0.0034311663,0.0034893821
0.0188676119,0.0098747767
0.0145984089,0.0074736211
0.001375967,0.002501796
0.0199838902,0.0108944643
0.013386382,0.0066129273
0.0045709489,0.0044855011
0.0152111411,0.0086573607
0.0209551771,0.010250810400000001
0.0051927679,0.0035481623
0.0131789483,0.0080122137
0.0170507546,0.0085120687
0.0083352932,0.0054214193
0.0102668859,0.0062809703
0.0161821977,0.009182342
0.0061956842,0.0041904019
0.0226860498,0.0117658423
0.0126487493,0.0057635486000000005
0.0110879879,0.0065079186
0.0050196518,0.0041924311
0.0114787607,0.0075908866
0.0194288487,0.009834933300000001
0.0155467967,0.0075781028
0.0085133614,0.0050946062
0.0077539569,0.0056373189
0.0130965425,0.0077484351
0.0164149309,0.0087311733
0.0141124918,0.0072205945
0.0158292206,0.0079329249
0.0073548795000000005,0.0044839681
0.0091367008,0.006029117400000001
0.0135440539,0.0078440724
0.0103332347,0.006230955900000001
0.013108355200000001,0.0076953755000000006
0.0176959262,0.0086067352
0.012684396700000001,0.0067993943
0.0042440564000000005,0.0034239911
0.012674708,0.0082526836
0.0122857069,0.006558708
0.0205588589,0.010463565000000001
0.0023509172,0.0023154616
0.0160391358,0.0093275159
0.015567404600000001,0.0080494838
0.0073342407,0.0046562471
0.0183435415,0.009798595700000001
0.0080405405,0.0045598579
0.0127531359,0.0078421053
0.0120623954,0.0066101727
0.0141126362,0.0078694587
0.011703558400000001,0.0061136407
0.014084205700000001,0.007666869000000001
0.0087291578,0.0050899488
0.0136856398,0.0078093216
0.0102942976,0.005992940600000001
0.0097053908,0.0063871924
0.0159793527,0.008287569600000001
0.011693797300000001,0.006729305400000001
0.0043271221000000006,0.0037380252
0.0214711669,0.011432011300000001
0.013817906100000001,0.0061981836000000005
0.008421481,0.0057180393
0.002932587,0.0034919255
0.0239027501,0.012232158100000001
0.0137874885,0.0065304978
0.0012244312,0.0026820451
0.015388011200000001,0.0092412181
0.0187001858,0.0089856167
0.0113403516,0.0062821385
0.0060967634,0.0045166045
0.0150923846,0.0087279
0.0138635758,0.0072928339
0.013058101,0.0073468982
0.0078051287,0.0053762184000000005
0.013560862600000001,0.00817621
0.0156513939,0.0084032952
0.0136050256,0.0073164243
0.0142714235,0.007639776500000001
0.011254558500000001,0.0062529909
0.0089181321,0.0059727301
0.0132722607,0.0076125357
0.0199973783,0.0099185661
0.008030121500000001,0.0047119309
0.0070123053000000005,0.0055265908
0.0169396978,0.0092055468
0.014286294,0.0078360367
0.0088434485,0.0055888646
0.019293645,0.010037220900000001
0.0108615754,0.0057138782
0.0081017643,0.0057200516000000005
0.017742238,0.009133597200000001
0.0126964333,0.007071587900000001
0.008705730600000001,0.0051852778000000006
0.0191641023,0.010173324800000001
0.0042769264000000005,0.0030829461
0.0130107339,0.0084331874
0.0165286222,0.0081467905
0.0162958163,0.008404690000000001
0.0057856025000000005,0.0036679029
0.0131744775,0.008134344600000001
0.013305602100000001,0.0067880077
0.0164317957,0.008825708600000001
0.0020762537,0.0025557031
0.0138002521,0.008930178
0.016221880600000002,0.0083203145
0.0189440098,0.009230750000000001
0.0096439435,0.0051851932
0.0042955626,0.0041183596000000005
0.0154946777,0.0089417685
0.013133249500000001,0.0073877906
0.0127871608,0.007049049
0.0188347138,0.0094468982
0.0060665469,0.0038776880000000002
0.010518368200000001,0.0068415671
0.0150375026,0.0082003912
0.0097752289,0.0062326986
0.014090384400000001,0.0078968498
0.0203813842,0.0098984863
0.007268086,0.0042947555000000005
0.0071850004000000006,0.0054967296
0.0154438235,0.0086287233
0.0138511116,0.0074726885000000005
0.0120714216,0.0068524157
0.014916899300000001,0.0079035401
0.0113394462,0.006349458200000001
0.010744785500000001,0.0062972863000000006
0.0127831143,0.0073360168
0.0123750525,0.0067203526
0.0162066298,0.008537592200000001
0.0053876832,0.0039858588
0.0119092465,0.0075465553000000005
0.018764126500000002,0.0093758003
0.011727365600000001,0.0060989079000000005
0.0059948458,0.0046952834
0.01261979,0.0076560832
0.0161337862,0.0087445087
0.0101604963,0.0059054785
0.0138250813,0.0079742103
0.0101856946,0.0060963192
0.0185687749,0.0093804684
0.014603131200000001,0.0073671733
0.00045085620000000004,0.0024236659
0.0172534739,0.0101097274
0.0178065047,0.0088891201
0.0078600421,0.0050469372000000005
0.014322762400000001,0.0083144025
0.0169853107,0.008393389000000001
0.0115987908,0.0064887573
0.0075613655,0.0049976623000000005
0.013939602,0.0084530327
0.013328293900000001,0.0068820736
0.0188433292,0.0097081841
0.0058757193,0.0034467763
0.0147128885,0.008526114
0.0080811941,0.0050080371
0.0133168075,0.0078710806
0.017869082300000002,0.0089075982
0.0053874196,0.0042472186
0.013214394400000001,0.007653168100000001
0.0187480316,0.0098147817
0.0039522345,0.0030261679
0.0179262638,0.0102428315
0.009028601,0.0051205782
0.0185344302,0.0096477924
0.012870951200000001,0.0065370949
0.0039859995,0.0037424351
0.0130758416,0.0082567968
0.0164768701,0.0084464521
0.0192205439,0.0093449643
0.005775905400000001,0.0038009971
0.0107051127,0.0066881302000000005
0.0139928181,0.0078827303
0.0081020137,0.005289365900000001
0.0189474619,0.0099049832
0.0087527878,0.0053031096000000005
0.0120485735,0.0069289545
0.0169371623,0.009256338000000001
0.0023772289,0.0025506689
0.0245356589,0.012686460600000001
0.0097629406,0.004631408
0.0067520005,0.005408309300000001
0.0144119259,0.0081264088
0.0189037274,0.0093103278
0.0099964336,0.0055554988
0.007023952700000001,0.0050175718000000005
0.0130657891,0.0079188303
0.0140489924,0.0072627619
0.0143689691,0.008036794600000001
0.0054559675000000005,0.0038194751
0.0184925786,0.010407287900000001
0.0108598405,0.0054813477
0.0161269876,0.0088904204
0.0046866661,0.0038295409
0.0155804635,0.0089763007
0.0208179861,0.009832124000000001
0.0045432969,0.0033718229000000003
0.005079676500000001,0.0051579616
0.0198316195,0.0105684108
0.0203939053,0.0096164699
0.0073205466,0.0042565834000000006
0.0108515672,0.0067828747
0.0130739089,0.007259537
0.012243354500000001,0.006930688700000001
0.0097839632,0.0061146147
0.014018677,0.0077254319
0.015443700900000001,0.0080938451
0.0092020265,0.005333374
0.0139830369,0.0079739281
0.0124342796,0.0067537893
0.0132960197,0.0073953986
0.00712153,0.0051489355
0.0097710431,0.0066808248
0.0210112439,0.0107400431
0.0130097918,0.006371243
0.009906533700000001,0.006106513
0.0098531187,0.0061064162
0.012812033700000001,0.0077763876
0.012962693400000001,0.0071752522
0.0187038362,0.009587787300000001
0.0075561617,0.0045209743
0.0104366171,0.0070102762
0.01558704,0.0082552904
0.015169165,0.0081893278
0.0100705698,0.005485640700000001
0.0158394402,0.0088804138
0.0050890094,0.0036056159000000003
0.0195640274,0.010706397500000001
0.0106626366,0.0055552673000000006
0.0108906828,0.0067573106
0.0132276,0.0074091036
0.0113914425,0.0066238924
0.015992538,0.0084297759
0.0084463625,0.0055296223
0.009428517,0.006230657200000001
0.0219297089,0.0111455696
0.0075509573,0.0043812107
0.0134911813,0.0078415949
0.013357914,0.0074683815
0.0083791123,0.005304321900000001
0.020533209900000002,0.010615935
0.011051476400000001,0.0054889705
0.010587203100000001,0.006399207400000001
0.0094668992,0.0060341553
0.0104014638,0.006720674
0.015854510000000002,0.0087970922
0.0140777812,0.0076473570000000005
0.0130226047,0.0072246103
0.013221106100000001,0.0072944996000000005
0.0115075903,0.0064376624
0.012025364200000001,0.0070499555
0.0118867068,0.0066142072000000005
0.0136676021,0.0078996395
0.00887524,0.0054072674000000005
0.0207046961,0.0106349665
0.008968410500000001,0.0048134957
0.0072478432,0.0056116615
0.017350402100000002,0.0089611644
0.0178106372,0.0088843376
0.0035366839,0.0028673321000000002
0.013030783300000001,0.0083439067
0.012588700500000001,0.0068419786000000005
0.0158638533,0.0086774752
0.0096199615,0.0055050215
0.013034618100000001,0.007745407100000001
0.0116972987,0.006596715600000001
0.0134657781,0.0076721089
0.0162839162,0.0079747062
0.0125875399,0.0068420736
0.0033956323,0.003348771
0.01802823,0.0100437519
0.0153259025,0.007387396500000001
0.0098912028,0.0058603842
0.0049370833,0.0044312377
0.015279591200000001,0.0087990981
0.0185339233,0.0092184607
0.0052632893000000005,0.0039511757
0.0157543669,0.0085956807
0.0162566969,0.0084347151
0.0022094606,0.0027566132000000003
0.0220002374,0.011669727000000001
0.0133073565,0.0064893518
0.0052396954,0.004490714
0.013790025000000001,0.0082524159
0.0170650135,0.0087258521
0.0090398096,0.0056597742
0.008979141,0.0060816168
0.020587501,0.0106247722
0.0128537193,0.0065165885
0.0093261225,0.0059387825
0.0167185125,0.0084524795
0.0117076385,0.0065066441
0.0027332397,0.0032383528
0.020342042600000002,0.0109980487
0.0175650905,0.0079238815
0.0103387037,0.005831078700000001
0.0055914388,0.0041856812
0.0151680938,0.008646977
0.0107541864,0.0060721482
0.009606603,0.0062911677
0.0163572866,0.0085030366
0.0121641704,0.0069481357
0.0057240816,0.0042649296
0.0177578556,0.0101932028
0.0118733308,0.0059240492
0.0168882131,0.0090704999
0.0061484999,0.0036977536
0.0145809896,0.0087440118
0.013486654800000001,0.0066684885
0.0157002298,0.0083400615
0.001577434,0.0023568093
0.0130893468,0.0085977306
0.016798375,0.0085370063
0.014709490200000001,0.0077940083
0.0088082521,0.0053346225
0.011901704,0.0073094807
0.0154688872,0.0079793142
0.013203507,0.0073006941
0.0034601613000000003,0.0036547073
0.018811640600000002,0.0104389692
0.0148545138,0.0076420132000000005
0.0081374163,0.0053090719
0.0192584962,0.0098060347
0.0142013337,0.0068924527
0.0042824315,0.0038102749
0.010600375,0.0072478823
0.0186003255,0.0096268835
0.0166293283,0.008132889400000001
0.0072829462,0.0046868883
0.0113365789,0.0066530015
0.0167911525,0.0086938723
0.0071344641000000006,0.0044128282
0.0115535954,0.0073618816
0.012345651400000001,0.0069530901
0.015691327300000002,0.008579927000000001
0.010959123900000001,0.006062848
0.0093087638,0.0064335079000000005
0.0145717785,0.0078413035
0.020658882400000002,0.0102590691
0.0027520333,0.0023775556
0.014235579200000001,0.0086641497
0.0108343565,0.0064794474
0.0128649375,0.007478332900000001
0.0184248342,0.0095720486
0.010610463300000001,0.0055215127
0.0130577511,0.007574722
0.0055120983000000005,0.0042485422
0.020580272,0.0106589182
0.0158479537,0.0076403783
0.0019973851,0.0027896704000000003
0.0125483127,0.0082479901
0.0155881783,0.0083559649
0.0182964434,0.0090801118
0.0105272048,0.005864048100000001
0.00518024,0.0046308773
0.0180289055,0.0097250649
0.0187508678,0.0089188831
0.0056869775,0.0039072946
0.0104103436,0.0067126761
0.0172029641,0.0089947754
0.0116372138,0.0062837463
0.009205461600000001,0.0060107728000000004
0.014311331600000001,0.007748782
0.0155046099,0.0082148136
0.0061739719,0.0041973218
0.015137278700000001,0.008866902000000001
0.013842851100000001,0.0070903841
0.012164988100000001,0.007096054500000001
0.0075452649,0.0051424286
0.0148433273,0.0086262371
0.0178824075,0.0085434938
0.0129357576,0.006870632000000001
0.0035327721,0.0032370002
0.0171044536,0.009724440400000001
0.0152399525,0.0072732053
0.0098000987,0.0060706698
0.0049026986,0.0042274104
0.020174278,0.010684422800000001
0.0121350777,0.0063380105
0.0072182097,0.0050735197
0.019608392500000002,0.0099471802
0.0103633118,0.0054651347
0.0065792754,0.0048111138
0.015253284300000001,0.0085911342
0.0107811277,0.0061775683
0.010935176500000001,0.0069133171
0.0158380916,0.0083497719
0.0132576088,0.0073252130000000006
0.0069130965,0.0047247119
0.019807,0.0102062562
0.0110701273,0.0057693935
0.006696249400000001,0.0049468812
0.0150606017,0.0084693249
0.01421462,0.007449816200000001
0.0082215511,0.0055367461
0.0133204532,0.0076055108000000005
0.019632486600000002,0.0096846247
0.0076814567,0.0043967499
0.0072516711,0.0055631154000000006
0.012829230300000001,0.0076214824
0.0172357457,0.009159480900000001
0.0108910351,0.0061636232
0.013862056400000001,0.0077311378
0.010996759200000001,0.006386035
0.0097452773,0.0062548969
0.0167715589,0.0088608863
0.0145008771,0.0074772969
0.0076154943,0.0051621206
0.016436264,0.0087039521
0.016946168,0.0083186536
0.0059333427,0.0038670146
0.0110156905,0.007056784500000001
0.010835165,0.0065294838
0.0122445509,0.0074564388
0.0153728796,0.008229086200000001
0.014466225000000001,0.0076694879
0.0070825149000000006,0.0050832436000000005
0.0137324409,0.0080343781
0.0179750303,0.0093237288
0.0116010117,0.0058890224
0.0126816458,0.0075015339
0.0066705877,0.0044584869
0.0201020311,0.0106654583
0.0065597934000000005,0.0040925336
0.0123652035,0.0076075298
0.0172361484,0.0087950788
0.0106114729,0.0057817368
0.012321146100000001,0.007074432
0.0116794377,0.0064740331
0.0114022718,0.0069773684
0.0117848082,0.0067567383000000005
0.0199806106,0.0099340361
0.0069918784,0.0041407296
0.006856788700000001,0.0052430077
0.0167663365,0.009062378000000001
0.010547968900000001,0.0062024114
0.0119918722,0.0070022006
0.014856098600000001,0.0082752629
0.0084379416,0.0052397057000000006
0.0175735854,0.0094381165
0.008193248200000001,0.005087949400000001
0.014421615,0.0080074545
0.0183100071,0.0091628035
0.0042126903,0.0032021143
0.0138115483,0.008637475
0.0120695852,0.0066308683
0.0163234621,0.0088772673
0.0087038627,0.0053485124
0.0141988849,0.008177384900000001
0.01521747,0.0080960361
0.0098850508,0.0058947877
0.012324396,0.0075378643000000006
0.0115765533,0.0068215944
0.016818259000000002,0.0090429379
0.0143055785,0.0071690829
0.0101102228,0.0063380095
0.0098850187,0.0060280856
0.0197461181,0.0102623034
0.0120253967,0.0057558968
0.0095688588,0.0062729053
0.0056691680000000005,0.0045262268
0.0203826625,0.0110735147
0.0121208458,0.0062089461
0.0160807239,0.0084185475
0.0116992443,0.0062600568
0.0064065201,0.0046728458
0.015169319700000001,0.0085329402
0.0121553849,0.0065926721
0.0130945587,0.0072429111
0.009735721000000001,0.0060708597
0.010722130100000001,0.0063718168
0.0177384647,0.0094066867
0.007154527900000001,0.0044074233
0.015488784200000001,0.0087295108
0.0136323728,0.0069319329
0.0082324003,0.0056310755
0.0131806122,0.0073989653
0.0206088206,0.010038019300000001
0.0045181151,0.0032128143
0.0064139622000000006,0.0055827640000000005
0.0160199205,0.0090137236
0.0143730365,0.0077837088000000006
0.0123210316,0.0068816737
0.0155083172,0.0082530807
0.0082636928,0.0054114677
0.0123119523,0.0073409388
0.0225914792,0.0107154777
0.0073890506000000005,0.0040374794
0.0073060636,0.0051899204
0.015546016900000001,0.0085705694
0.0107657892,0.0060827168000000004
0.011049072200000001,0.006851128000000001
0.0143727999,0.007677871
0.0138296417,0.0074816726
0.0039764016,0.0039917289
0.0159776065,0.009217118600000001
0.0206622812,0.0100127857
0.0099152932,0.0051607153
0.0075241226000000005,0.005691514700000001
0.0085271548,0.0058634507
0.0212022221,0.011152493000000001
0.0127757479,0.0062475942000000005
0.011524279200000001,0.0069217621
0.0087304229,0.005621907
0.0181883773,0.0095472965
0.011745272000000001,0.0062958904
0.0083757646,0.0053582412
0.0144499428,0.0084927039
0.0105672123,0.0059534036000000005
0.0162007374,0.0091089758
0.0108650139,0.0056851193
0.0163770968,0.0090550562
0.0073560203,0.0043647802000000005
0.0153423277,0.0091454176
0.0103439386,0.0056382472
0.0165390176,0.009215407
0.0096859637,0.0051085001
0.0155265231,0.0086340216
0.0094753217,0.0050572995
0.0139233264,0.0081766061
0.0076307971,0.0047176245
0.0180136065,0.0096409323
0.0089368402,0.0050534817
0.0104730625,0.006405208700000001
0.0144658094,0.0081289924
0.0060166575000000005,0.0046124182
0.0167501737,0.0095171747
0.014444014100000001,0.007646331100000001
0.0122371261,0.0068572446
0.0143464921,0.0077130667
0.007604154100000001,0.0052605728
0.013176569400000001,0.0078659911
0.0192058914,0.009722482400000001
0.0106856498,0.0056676541
0.0125118491,0.0070947606000000005
0.0105221649,0.0061733396
0.0092689465,0.0061747687
0.014862277200000001,0.008289084300000001
0.0161890771,0.0084937985
0.0108241668,0.0059911935
0.011387241900000001,0.0069746529
0.0153713266,0.0076811224
0.0153314594,0.008067564000000001
0.0010318779000000001,0.0020797899
0.0166993454,0.0100153674
0.014103066800000001,0.007116536200000001
0.0178621419,0.0089511353
0.0082663249,0.0046738197
0.009226628300000001,0.0058387389
0.014155150100000001,0.0080284473
0.0051161241,0.0042864178
0.0166381847,0.0093912382
0.0184715321,0.009045854400000001
0.0074699683,0.0046511413
0.0109444044,0.0068700389
0.014155985000000001,0.0077206873
0.0125172324,0.0070437334
0.011560642000000001,0.0066685079000000005
0.014552109,0.007924235600000001
0.012890162,0.0068999429
0.0106733557,0.0063016515
0.0095102194,0.0059454182
0.013229875,0.0076577675
0.0125853161,0.0070865286
0.0162911135,0.0084967067
0.0132630926,0.006845022
0.006759257,0.0047205298000000005
0.011181985600000001,0.0069235116000000005
0.015245975200000001,0.008264199600000001
0.0096038928,0.0059250363
0.0153470536,0.008410575
0.0170746612,0.0085793928
0.0072927827,0.0046507522
0.0070024841,0.0057876025
0.015525695,0.008567339
0.0223948556,0.0106890687
0.0035083999,0.0028738968
0.0094041058,0.0066005689
0.0211697179,0.0107365354
0.008469922900000001,0.0048851942
0.012820227,0.007532156700000001
0.0141874015,0.0077018914
0.0087379524,0.005607727900000001
0.0158328641,0.0086812594
0.0172348509,0.0082805149
0.0089308835,0.0052785415
0.0087330575,0.0056054079000000005
0.0168051478,0.008968743
0.0115163674,0.0060976827
0.0100636858,0.0062337341
0.010496667500000001,0.0062223985
0.0141442593,0.0079749166
0.0089251902,0.0054216126
0.014370780500000001,0.0082600746
0.012691574300000001,0.006917749
0.0127233925,0.0072056337
0.0120981717,0.0069664272
0.0103153431,0.0063231256
0.0146891574,0.0080301269
0.0116899848,0.006760262800000001
0.009882076600000001,0.005978807
0.0212496728,0.010367242300000001
0.0076964217,0.0043483704
0.0042891439,0.0043550923
0.018415005300000002,0.009985829
0.0163883006,0.0080137345
0.0096209203,0.0055602709
0.013190832500000001,0.0071688585
0.0110216525,0.006296686
0.0069599963,0.0049345761
0.0163913795,0.008930221700000001
0.014883501200000001,0.0073793486
0.009049442100000001,0.0054313376
0.0098468706,0.0060692994
0.010661045800000001,0.0067554239
0.011072963600000001,0.0066566465
0.0204717176,0.0101046212
0.008044437,0.0047415909
0.0042725229,0.0042488779
0.0189584887,0.0102855336
0.0114111416,0.0062856939
0.012319024500000001,0.0071148362
0.0152511797,0.0083428607
0.0084852033,0.0052929667
0.0171947239,0.0091659859
0.0091736493,0.0055876207
0.0094952414,0.0062533561
0.022059099800000002,0.010999422
0.0081974895,0.0047029003
0.009172186300000001,0.0061527617
0.016110347,0.0089103954
0.010190999000000001,0.005950028600000001
0.016521943,0.008854643300000001
0.013334393200000001,0.0067892886
0.01011122,0.0061019826
0.0134475237,0.007168986400000001
0.0150373851,0.007854533700000001
0.005441448,0.0039206454000000005
0.0109894737,0.0072975773
0.0152359804,0.0080544929
0.014358287300000001,0.0077782666
0.0081272748,0.0051782752000000005
0.0170555008,0.0090356429
0.013968764,0.0070750954
0.0052813284,0.0042600428
0.0099403272,0.0068766089
0.0189455831,0.009629753
0.0147965091,0.007512590600000001
0.0048083818,0.003843563
0.0133344829,0.0082302126
0.0176676072,0.0088062938
0.013427460700000001,0.0071836111
0.008568282200000001,0.0051055325
0.0106623783,0.0070674947
0.011797103500000001,0.0066356415
0.0230176544,0.0113757159
0.0054303706000000005,0.0030360706000000003
0.009808540900000001,0.006729260900000001
0.0138888718,0.0074474338
0.0121135028,0.007063074
0.0117484161,0.0064332407000000005
0.0153965262,0.008401787400000001
0.0046732299,0.0037513033
0.016773729600000002,0.009491735900000001
0.0123273663,0.0067970565
0.0103110775,0.0062789737
0.0161397769,0.0090136836
0.011475660700000001,0.006092606
0.0165142988,0.0089758222
0.0049760231,0.0034541505
0.0141552825,0.0087960316
0.012336692,0.0067405856000000005
0.019889565,0.0100553603
0.0104530549,0.0053811618
0.005930993,0.0048877473
0.0137449527,0.008022520600000001
0.0184623186,0.0092755072
0.008860647400000001,0.0053448891
0.0138937556,0.0073778334000000004
0.0143509488,0.0078804132
0.0011284789000000001,0.0023907402
0.0214853898,0.0118101253
0.0119818936,0.0060058571
0.0129700362,0.007347450100000001
0.009522225700000001,0.0060731034
0.010772347,0.0066196826
0.0224991943,0.011163016500000001
0.0085898655,0.0044715042
0.008175730400000001,0.0057701720000000005
0.0113088743,0.0069262089
0.0154573364,0.0083492813
0.0170668226,0.0084121289
0.0093346856,0.0052694069
0.008754790200000001,0.0057412833
0.0138216716,0.0078266544
0.0120709762,0.0068071357
0.016791032,0.008373558100000001
0.0098262442,0.005789856800000001
0.0022173893000000003,0.0033298269
0.022218900200000002,0.0116845421
0.0143909198,0.006926386200000001
0.0042618975,0.0038810363
0.0143732563,0.0083559975
0.0123537448,0.0072045638
0.011405614500000001,0.006611554
0.019549959000000002,0.0099626854
0.0055512356,0.0039272858
0.013343611100000001,0.0079774767
0.017132389300000002,0.009043424100000001
0.0117839591,0.0059390692
0.0163282069,0.0087471287
0.0005743674,0.0017829112000000002
0.016447487,0.0099708279
0.0136518273,0.0071127892000000005
0.0138276292,0.0077985931
0.0109502566,0.006458268200000001
0.013778355800000001,0.007628394100000001
0.0191396145,0.009205236
0.006043707000000001,0.0039507092
0.007106851700000001,0.0055059182
0.0210141605,0.010700117
0.0130947714,0.00651449
0.007329022100000001,0.0048503743
0.0110039933,0.0068260594
0.011042944800000001,0.0066652559
0.0148286421,0.008133904
0.0172629274,0.008370422
0.0101909835,0.0056652568
0.0061148832,0.0046595633
0.0162217331,0.0089353435
0.0140859765,0.0071625409
0.008670655000000001,0.005330636000000001
0.0086773269,0.0058860803
0.014500396300000001,0.0081062934
0.0141674422,0.0077097381
0.0079533868,0.0052387895
0.0141320369,0.008153395800000001
0.0117129911,0.0069908182
0.012418267,0.0071385762
0.0181235699,0.0094663317
0.0095977401,0.0051884404
0.016228224,0.0085914994
0.0080587422,0.004820907
0.008963269500000001,0.006184097800000001
0.0176686348,0.009261292
0.011505079100000001,0.0064329139
0.0102925201,0.0062511385000000004
0.018381806100000002,0.009267744100000001
0.009381096,0.0052841893000000004
0.0058820777,0.0046751592
0.0150601269,0.0088133916
0.0130204936,0.0069536477
0.017930594600000002,0.0091150008
0.005084463,0.0039979645
0.0089807279,0.0064551527
0.0214511782,0.011271955
0.0097357633,0.0053233155
0.0157243909,0.0086511533
0.012140525800000001,0.0063913799
0.0086563894,0.0058430512
0.0170772527,0.0086510187
0.0168460403,0.0084100617
0.0020673399,0.0024036175
0.0130200464,0.0084983191
0.0159883871,0.0081430122
0.0181738309,0.0088979464
0.0060537302,0.0039258033
0.0075886736,0.0058219003
0.0170114809,0.009195903200000001
0.0148847496,0.0076433928
0.0130673388,0.0068128768
0.010528661600000001,0.006086376
0.0068423922,0.0050099422
0.0122194087,0.0076964505
0.016330888300000002,0.0084915867
0.0144948748,0.0076848035
0.0065282660000000005,0.0045243636
0.0177285993,0.0094309283
0.0118390382,0.0065065648000000005
0.0086555287,0.0052492764
0.0154961338,0.0089349397
0.006137862,0.0041254163
0.020880663,0.011209307
0.007716774,0.0044771962
0.0134763034,0.0079898916
0.0182189387,0.0089175972
0.0070272168000000005,0.0044744379
0.0069501802,0.0056190853
0.0156379074,0.0087592654
0.019048748100000002,0.009489777900000001
0.0061406456,0.00437963
0.0123215383,0.0075824899
0.0217594493,0.0107168214
0.0099650206,0.0051153011000000005
0.0067204037000000005,0.0053510070000000005
0.0129308732,0.0074714491
0.0190384868,0.0100312093
0.007625658800000001,0.0043922552
0.015140644100000001,0.0088342908
0.008296718,0.0051454757
0.0169261222,0.0094239065
0.0144683298,0.0074152213
0.0108057225,0.0064233036
0.015008844,0.0078556641
0.0096068215,0.0060768231
0.0103461257,0.0060236644
0.021449472600000002,0.0109991447
0.0043564594,0.0028189798
0.0187599834,0.010098980700000001
0.0093285684,0.0050191207
0.0078981339,0.0056330521
0.0145385192,0.0082602005
0.015383496200000001,0.007657548
0.0121273078,0.006916015100000001
0.0040674278000000005,0.0035785821000000003
0.0185449313,0.0104252092
0.007340543000000001,0.0046231232
0.0131592793,0.0081843468
0.0150363148,0.0080925269
0.013783642,0.0076195011
0.0146986287,0.007814380400000001
0.012272320500000001,0.006773967200000001
0.0104590602,0.0065044333
0.0132855287,0.0075134462
0.0200259978,0.009716183
0.0063214352,0.0041325819000000005
0.006716879,0.0052960409
0.023295139200000002,0.0115049435
0.009308694900000001,0.0048490196
0.0062582636,0.004975775
0.0150071996,0.008686709
0.0135012236,0.007231421
0.0174822843,0.0088688702
0.0087207115,0.0051390463
0.009804324100000001,0.0061606149
0.0132726465,0.0078677237
0.0082497632,0.0054288724000000005
0.020519542,0.0105082419
0.011993410900000001,0.0060662563000000004
0.0062795157,0.0048453514000000005
0.0159774234,0.0087713454
0.0136075029,0.0074627619
0.0085269555,0.0054479561
0.0156121351,0.0087235626
0.013311081800000001,0.0069322721
0.0121576797,0.0070999944
0.0098039775,0.005964000200000001
0.019668041,0.009921063800000001
0.0089634755,0.005155525
0.007647580100000001,0.0052800301
0.0148046244,0.0089257181
0.0101670389,0.0057044808
0.0221905222,0.0113383588
0.0028276896,0.0023189116
0.017874734700000002,0.0097855639
0.016230145300000002,0.007753811100000001
0.002481619,0.0028327786
0.012119289600000001,0.0079243105
0.017099569800000002,0.008747027400000001
0.015532062000000001,0.0081066219
0.006072239100000001,0.0043712371000000005
0.0114703918,0.0076165922
0.0151913889,0.008284001000000001
0.0165356233,0.008595427000000001
0.0126131591,0.0065298265000000005
0.0105265671,0.006400949
0.0084073416,0.0056740954
0.018835434300000002,0.0098753743
0.0095463014,0.0058172911
0.010058506,0.0062321494
0.0242250385,0.011772352500000001
0.0055598926000000005,0.0031105954
0.0094616408,0.0064991196000000005
0.0173993889,0.0087572876
0.010144932300000001,0.0059400888
0.006725142,0.0049201965000000005
0.0161479167,0.0092817955
0.0108587109,0.0062308039
0.015720809000000002,0.0087834877
0.0115364306,0.006438814
0.0152402534,0.0080846541
0.0114532689,0.0065977808
0.007355219400000001,0.0052385772
0.0188078852,0.0100671198
0.0162594752,0.0076620156000000005
0.0080304645,0.0052908659
0.0080097921,0.005378562
0.0203441462,0.0105758385
0.0084597987,0.0046951509
0.0089853695,0.0063756422
0.0137788383,0.0078859132
0.0162013692,0.008638486400000001
0.0133212166,0.006868114000000001
0.0111974358,0.0066360923
0.0093102895,0.0058460687
0.0187288132,0.0096825945
0.0093176721,0.0054133105
0.006708111,0.0051571921
0.0175541656,0.0097357734
0.0155192261,0.0074384219000000005
0.0155634941,0.0080220686
0.0045713876,0.0033153500000000003
0.013270514700000001,0.0081238505
0.012898222800000001,0.006853750600000001
0.012010641800000001,0.0071749263
0.0122757976,0.0067239304000000005
0.0151498903,0.0083076294
0.0056075265000000004,0.0041286292
0.0148507679,0.008807449
0.0178952247,0.0086483557
0.009690631,0.0057832216
0.0062620282,0.0047764647
0.0182586766,0.010043607100000001
0.0125700373,0.006437878
0.0102211053,0.0066634448
0.0109779175,0.0065034087
0.0210888991,0.0107175749
0.0093724077,0.0047794163
0.011337875,0.0070764933
0.0110709877,0.0061699833
0.013160443400000001,0.0078145151
0.0092508363,0.0054877188
0.0157930313,0.0090409472
0.011766885500000001,0.006167403
0.014279064400000001,0.008451510300000001
0.0087512661,0.0050662225
0.0209379937,0.0109196515
0.0025131873,0.0023760921000000003
0.0136744614,0.008575409400000001
0.018267303000000002,0.0090759619
0.011980072900000001,0.0063266512
0.0107866917,0.006601266000000001
0.0090662331,0.0058766881
0.0188230715,0.0097514846
0.013551597200000001,0.0068970342
0.008632397,0.0051730606
0.0110791772,0.007019965800000001
0.0079749061,0.0054192400000000005
0.016831053800000002,0.009626487100000001
0.014383535400000001,0.0072303274
0.0171497279,0.008843985
0.0046241017,0.003648641
0.0108132947,0.0073050993
0.020998793300000002,0.0103567966
0.0132819674,0.0065428137
0.005753503,0.0045055511000000005
0.0108737126,0.0068808632
0.0194664752,0.0100879496
0.0085218963,0.0051668291
0.012729564,0.007625109200000001
0.0188603992,0.009265079800000001
0.0091556677,0.0051709073
